{"system":{"id":"79dcc0d7-ca7a-41af-a12c-025796892b40","rev":"f2a4e3e","version":"2.30","date":"2019-07-03T13:13:38.468"},"trackedEntityTypes":[{"created":"2019-06-06T22:37:42.505","lastUpdated":"2019-06-28T12:41:46.591","name":"Bird Cohort","id":"qXbcQRORGZc","publicAccess":"rw------","maxTeiCountToReturn":0,"allowAuditLog":false,"minAttributesRequiredToSearch":1,"lastUpdatedBy":{"id":"M5zQapPyTZI"},"style":{"color":"#8e24aa"},"user":{"id":"M5zQapPyTZI"},"userGroupAccesses":[],"attributeValues":[],"trackedEntityTypeAttributes":[{"lastUpdated":"2019-06-28T12:41:46.592","id":"bMeTQQrSCc6","created":"2019-06-06T22:39:44.882","name":"Bird Cohort Bird Cohort Start Date","displayName":"Bird Cohort Bird Cohort Start Date","mandatory":true,"displayShortName":"null Bird Cohort Start Date","externalAccess":false,"valueType":"DATE","searchable":false,"displayInList":true,"favorite":false,"access":{"read":true,"update":true,"externalize":true,"delete":true,"write":true,"manage":true},"trackedEntityAttribute":{"id":"ddXNeWjvwp3"},"trackedEntityType":{"id":"qXbcQRORGZc"},"favorites":[],"translations":[],"userGroupAccesses":[],"attributeValues":[],"userAccesses":[]},{"lastUpdated":"2019-06-28T12:41:46.593","id":"BZft0viy7B4","created":"2019-06-28T12:41:12.996","name":"Bird Cohort Bird Cohort Active Status","displayName":"Bird Cohort Bird Cohort Active Status","displayShortName":"null Bird Cohort Active Status","externalAccess":false,"valueType":"BOOLEAN","searchable":false,"displayInList":false,"favorite":false,"access":{"read":true,"update":true,"externalize":true,"delete":true,"write":true,"manage":true},"trackedEntityAttribute":{"id":"fKSPzIibGko"},"trackedEntityType":{"id":"qXbcQRORGZc"},"favorites":[],"translations":[],"userGroupAccesses":[],"attributeValues":[],"userAccesses":[]},{"lastUpdated":"2019-06-28T12:41:46.593","id":"Y4pLZbE5uMh","created":"2019-06-28T12:41:12.996","name":"Bird Cohort Bird Cohort Bird Type","displayName":"Bird Cohort Bird Cohort Bird Type","displayShortName":"null Bird Cohort Bird Type","externalAccess":false,"valueType":"TEXT","searchable":false,"displayInList":false,"favorite":false,"access":{"read":true,"update":true,"externalize":true,"delete":true,"write":true,"manage":true},"trackedEntityAttribute":{"id":"d9XZt8odgnS"},"trackedEntityType":{"id":"qXbcQRORGZc"},"favorites":[],"translations":[],"userGroupAccesses":[],"attributeValues":[],"userAccesses":[]},{"lastUpdated":"2019-06-28T12:41:46.594","id":"WKyM5bGRe7g","created":"2019-06-28T12:41:12.996","name":"Bird Cohort Bird Cohort Cohort Name","displayName":"Bird Cohort Bird Cohort Cohort Name","mandatory":true,"displayShortName":"null Bird Cohort Cohort Name","externalAccess":false,"valueType":"TEXT","searchable":false,"displayInList":false,"favorite":false,"access":{"read":true,"update":true,"externalize":true,"delete":true,"write":true,"manage":true},"trackedEntityAttribute":{"id":"G0TYKyOzBpO"},"trackedEntityType":{"id":"qXbcQRORGZc"},"favorites":[],"translations":[],"userGroupAccesses":[],"attributeValues":[],"userAccesses":[]}],"translations":[],"userAccesses":[]},{"created":"2019-06-28T13:16:13.666","lastUpdated":"2019-07-03T07:01:45.243","name":"House","id":"U8sxQ0YDJtx","publicAccess":"rw------","maxTeiCountToReturn":0,"allowAuditLog":false,"minAttributesRequiredToSearch":1,"lastUpdatedBy":{"id":"M5zQapPyTZI"},"user":{"id":"M5zQapPyTZI"},"userGroupAccesses":[],"attributeValues":[],"trackedEntityTypeAttributes":[{"lastUpdated":"2019-07-03T07:01:45.244","id":"qzBOtZcV72N","created":"2019-07-03T07:01:45.185","name":"House House Bird Type","displayName":"House House Bird Type","mandatory":true,"displayShortName":"null House Bird Type","externalAccess":false,"valueType":"TEXT","searchable":false,"displayInList":false,"favorite":false,"access":{"read":true,"update":true,"externalize":true,"delete":true,"write":true,"manage":true},"trackedEntityAttribute":{"id":"QpOxrQsVHLG"},"trackedEntityType":{"id":"U8sxQ0YDJtx"},"favorites":[],"translations":[],"userGroupAccesses":[],"attributeValues":[],"userAccesses":[]},{"lastUpdated":"2019-07-03T07:01:45.244","id":"JevcUwx38vo","created":"2019-07-03T07:01:45.185","name":"House House ID","displayName":"House House ID","mandatory":true,"displayShortName":"null House ID","externalAccess":false,"valueType":"TEXT","searchable":false,"displayInList":false,"favorite":false,"access":{"read":true,"update":true,"externalize":true,"delete":true,"write":true,"manage":true},"trackedEntityAttribute":{"id":"s75rVKmfQwx"},"trackedEntityType":{"id":"U8sxQ0YDJtx"},"favorites":[],"translations":[],"userGroupAccesses":[],"attributeValues":[],"userAccesses":[]}],"translations":[],"userAccesses":[]},{"created":"2019-06-06T16:10:28.877","lastUpdated":"2019-06-16T17:38:53.872","name":"Incubator Batch","id":"G2ZFh00IE4i","publicAccess":"rw------","maxTeiCountToReturn":0,"allowAuditLog":false,"minAttributesRequiredToSearch":1,"lastUpdatedBy":{"id":"M5zQapPyTZI"},"style":{"color":"#d32f2f"},"user":{"id":"M5zQapPyTZI"},"userGroupAccesses":[],"attributeValues":[],"trackedEntityTypeAttributes":[{"lastUpdated":"2019-06-16T17:38:53.873","id":"woYSj5JKRqT","created":"2019-06-06T16:16:34.008","name":"Incubator Batch Incubator Batch Start Date","displayName":"Incubator Batch Incubator Batch Start Date","mandatory":true,"displayShortName":"null Start Date","externalAccess":false,"valueType":"DATE","searchable":true,"displayInList":true,"favorite":false,"access":{"read":true,"update":true,"externalize":true,"delete":true,"write":true,"manage":true},"trackedEntityAttribute":{"id":"c8jfIOSaIqE"},"trackedEntityType":{"id":"G2ZFh00IE4i"},"favorites":[],"translations":[],"userGroupAccesses":[],"attributeValues":[],"userAccesses":[]},{"lastUpdated":"2019-06-16T17:38:53.875","id":"QK23yFS9cOY","created":"2019-06-06T16:16:34.008","name":"Incubator Batch Incubator Batch End Date","displayName":"Incubator Batch Incubator Batch End Date","displayShortName":"null End Date","externalAccess":false,"valueType":"DATE","searchable":true,"displayInList":true,"favorite":false,"access":{"read":true,"update":true,"externalize":true,"delete":true,"write":true,"manage":true},"trackedEntityAttribute":{"id":"wL8L6P45FYQ"},"trackedEntityType":{"id":"G2ZFh00IE4i"},"favorites":[],"translations":[],"userGroupAccesses":[],"attributeValues":[],"userAccesses":[]},{"lastUpdated":"2019-06-16T17:38:53.875","id":"LOgMTD7dGf6","created":"2019-06-16T17:35:05.022","name":"Incubator Batch Incubator Batch Batch Name","displayName":"Incubator Batch Incubator Batch Batch Name","mandatory":true,"displayShortName":"null Incubator Batch Batch Name","externalAccess":false,"valueType":"TEXT","searchable":true,"displayInList":true,"favorite":false,"access":{"read":true,"update":true,"externalize":true,"delete":true,"write":true,"manage":true},"trackedEntityAttribute":{"id":"KcbtonLHdsH"},"trackedEntityType":{"id":"G2ZFh00IE4i"},"favorites":[],"translations":[],"userGroupAccesses":[],"attributeValues":[],"userAccesses":[]},{"lastUpdated":"2019-06-16T17:38:53.875","id":"mP0pUbKFX9I","created":"2019-06-16T17:35:05.022","name":"Incubator Batch Incubator Batch Incubator ID","displayName":"Incubator Batch Incubator Batch Incubator ID","mandatory":true,"displayShortName":"null Incubator Batch Incubator ID","externalAccess":false,"valueType":"TEXT","searchable":true,"displayInList":true,"favorite":false,"access":{"read":true,"update":true,"externalize":true,"delete":true,"write":true,"manage":true},"trackedEntityAttribute":{"id":"G2iWREX67Gn"},"trackedEntityType":{"id":"G2ZFh00IE4i"},"favorites":[],"translations":[],"userGroupAccesses":[],"attributeValues":[],"userAccesses":[]},{"lastUpdated":"2019-06-16T17:38:53.876","id":"Wd7jQr7Dnwu","created":"2019-06-16T17:38:53.839","name":"Incubator Batch Incubator Batch Bird Type","displayName":"Incubator Batch Incubator Batch Bird Type","displayShortName":"null Incubator Batch Bird Type","externalAccess":false,"valueType":"TEXT","searchable":false,"displayInList":true,"favorite":false,"access":{"read":true,"update":true,"externalize":true,"delete":true,"write":true,"manage":true},"trackedEntityAttribute":{"id":"m1X2lR2i4hG"},"trackedEntityType":{"id":"G2ZFh00IE4i"},"favorites":[],"translations":[],"userGroupAccesses":[],"attributeValues":[],"userAccesses":[]},{"lastUpdated":"2019-06-16T17:38:53.876","id":"DzoSwq95R27","created":"2019-06-16T17:38:53.839","name":"Incubator Batch Incubator Batch Active Status","displayName":"Incubator Batch Incubator Batch Active Status","displayShortName":"null Incubator Batch Active Status","externalAccess":false,"valueType":"BOOLEAN","searchable":false,"displayInList":false,"favorite":false,"access":{"read":true,"update":true,"externalize":true,"delete":true,"write":true,"manage":true},"trackedEntityAttribute":{"id":"TBLjkZ0d5Y8"},"trackedEntityType":{"id":"G2ZFh00IE4i"},"favorites":[],"translations":[],"userGroupAccesses":[],"attributeValues":[],"userAccesses":[]}],"translations":[],"userAccesses":[]},{"created":"2019-07-03T07:18:49.841","lastUpdated":"2019-07-03T07:20:26.988","name":"Poultry Item","id":"XtIHdPSJvsH","publicAccess":"rw------","maxTeiCountToReturn":0,"allowAuditLog":false,"minAttributesRequiredToSearch":1,"lastUpdatedBy":{"id":"M5zQapPyTZI"},"user":{"id":"M5zQapPyTZI"},"userGroupAccesses":[],"attributeValues":[],"trackedEntityTypeAttributes":[{"lastUpdated":"2019-07-03T07:20:26.989","id":"pGgJ4M462Yi","created":"2019-07-03T07:20:26.974","name":"Poultry Item Poultry Item Name","displayName":"Poultry Item Poultry Item Name","mandatory":true,"displayShortName":"null Poultry Item Name","externalAccess":false,"valueType":"TEXT","searchable":false,"displayInList":false,"favorite":false,"access":{"read":true,"update":true,"externalize":true,"delete":true,"write":true,"manage":true},"trackedEntityAttribute":{"id":"bMwenBrYApH"},"trackedEntityType":{"id":"XtIHdPSJvsH"},"favorites":[],"translations":[],"userGroupAccesses":[],"attributeValues":[],"userAccesses":[]}],"translations":[],"userAccesses":[]}],"categoryOptionCombos":[{"lastUpdated":"2019-05-20T14:38:41.721","code":"default","created":"2019-05-20T14:38:41.717","name":"default","id":"HllvX50cXC0","ignoreApproval":false,"categoryCombo":{"id":"bjDvmb4bfuf"},"translations":[],"attributeValues":[],"categoryOptions":[{"id":"xYerKDKCefk"}]}],"dataElements":[{"lastUpdated":"2019-06-28T12:52:24.741","id":"vq9kfxD9yt7","created":"2019-06-28T12:52:24.741","name":"Bird Cohort Cage ID","shortName":"Bird Cohort Cage ID","aggregationType":"NONE","domainType":"TRACKER","publicAccess":"rw------","valueType":"TEXT","formName":"Cage ID","zeroIsSignificant":false,"categoryCombo":{"id":"bjDvmb4bfuf"},"lastUpdatedBy":{"id":"M5zQapPyTZI"},"user":{"id":"M5zQapPyTZI"},"translations":[],"userGroupAccesses":[],"attributeValues":[],"userAccesses":[],"legendSets":[],"aggregationLevels":[]},{"lastUpdated":"2019-06-28T12:44:21.057","id":"tB0Xcn3nDf2","created":"2019-06-28T12:44:21.057","name":"Bird Cohort Chicks Provider","shortName":"Bird Cohort Chicks Provider","aggregationType":"NONE","domainType":"TRACKER","publicAccess":"rw------","valueType":"TEXT","formName":"Chicks Provider","zeroIsSignificant":false,"categoryCombo":{"id":"bjDvmb4bfuf"},"lastUpdatedBy":{"id":"M5zQapPyTZI"},"user":{"id":"M5zQapPyTZI"},"translations":[],"userGroupAccesses":[],"attributeValues":[],"userAccesses":[],"legendSets":[],"aggregationLevels":[]},{"lastUpdated":"2019-06-28T12:53:03.211","id":"hD5D4dQq9QR","created":"2019-06-28T12:53:03.211","name":"Bird Cohort Incubator Batch ID","shortName":"Bird Cohort Incubator Batch ID","aggregationType":"NONE","domainType":"TRACKER","publicAccess":"rw------","valueType":"TEXT","formName":"Incubator Batch ID","zeroIsSignificant":false,"categoryCombo":{"id":"bjDvmb4bfuf"},"lastUpdatedBy":{"id":"M5zQapPyTZI"},"user":{"id":"M5zQapPyTZI"},"translations":[],"userGroupAccesses":[],"attributeValues":[],"userAccesses":[],"legendSets":[],"aggregationLevels":[]},{"lastUpdated":"2019-06-28T12:55:32.581","id":"oK4QWeTnY41","created":"2019-06-28T12:55:32.581","name":"Bird Cohort Infection Name","shortName":"Bird Cohort Infection Name","aggregationType":"NONE","domainType":"TRACKER","publicAccess":"rw------","valueType":"TEXT","formName":"Cage ID","zeroIsSignificant":false,"categoryCombo":{"id":"bjDvmb4bfuf"},"lastUpdatedBy":{"id":"M5zQapPyTZI"},"user":{"id":"M5zQapPyTZI"},"translations":[],"userGroupAccesses":[],"attributeValues":[],"userAccesses":[],"legendSets":[],"aggregationLevels":[]},{"lastUpdated":"2019-06-28T12:55:48.379","id":"T9L5M80MdwT","created":"2019-06-28T12:55:48.379","name":"Bird Cohort Infection Type","shortName":"Bird Cohort Infection Type","aggregationType":"NONE","domainType":"TRACKER","publicAccess":"rw------","valueType":"TEXT","formName":"Cage ID","zeroIsSignificant":false,"categoryCombo":{"id":"bjDvmb4bfuf"},"lastUpdatedBy":{"id":"M5zQapPyTZI"},"user":{"id":"M5zQapPyTZI"},"translations":[],"userGroupAccesses":[],"attributeValues":[],"userAccesses":[],"legendSets":[],"aggregationLevels":[]},{"lastUpdated":"2019-06-28T13:00:04.740","id":"nTlMXvqOVIq","created":"2019-06-28T13:00:04.740","name":"Bird Cohort Laying Date","shortName":"Bird Cohort Laying Date","aggregationType":"NONE","domainType":"TRACKER","publicAccess":"rw------","valueType":"DATE","formName":"Cage ID","zeroIsSignificant":false,"categoryCombo":{"id":"bjDvmb4bfuf"},"lastUpdatedBy":{"id":"M5zQapPyTZI"},"user":{"id":"M5zQapPyTZI"},"translations":[],"userGroupAccesses":[],"attributeValues":[],"userAccesses":[],"legendSets":[],"aggregationLevels":[]},{"lastUpdated":"2019-06-28T12:58:08.244","id":"FNGBHWMWwfw","created":"2019-06-28T12:58:08.244","name":"Bird Cohort Mitigation","shortName":"Bird Cohort Mitigation","aggregationType":"NONE","domainType":"TRACKER","publicAccess":"rw------","valueType":"TEXT","formName":"Cage ID","zeroIsSignificant":false,"categoryCombo":{"id":"bjDvmb4bfuf"},"lastUpdatedBy":{"id":"M5zQapPyTZI"},"user":{"id":"M5zQapPyTZI"},"translations":[],"userGroupAccesses":[],"attributeValues":[],"userAccesses":[],"legendSets":[],"aggregationLevels":[]},{"lastUpdated":"2019-06-28T12:54:38.426","id":"uHwvTB7ZG7P","created":"2019-06-28T12:54:38.426","name":"Bird Cohort Number of Birds","shortName":"Bird Cohort Number of Birds","aggregationType":"NONE","domainType":"TRACKER","publicAccess":"rw------","valueType":"NUMBER","formName":"Chicks Provider","zeroIsSignificant":false,"categoryCombo":{"id":"bjDvmb4bfuf"},"lastUpdatedBy":{"id":"M5zQapPyTZI"},"user":{"id":"M5zQapPyTZI"},"translations":[],"userGroupAccesses":[],"attributeValues":[],"userAccesses":[],"legendSets":[],"aggregationLevels":[]},{"lastUpdated":"2019-06-28T12:57:14.657","id":"J4B1jMcbDGJ","created":"2019-06-28T12:57:14.657","name":"Bird Cohort Number of Birds Affected","shortName":"Bird Cohort Number of Birds Affected","aggregationType":"NONE","domainType":"TRACKER","publicAccess":"rw------","valueType":"NUMBER","formName":"Cage ID","zeroIsSignificant":false,"categoryCombo":{"id":"bjDvmb4bfuf"},"lastUpdatedBy":{"id":"M5zQapPyTZI"},"user":{"id":"M5zQapPyTZI"},"translations":[],"userGroupAccesses":[],"attributeValues":[],"userAccesses":[],"legendSets":[],"aggregationLevels":[]},{"lastUpdated":"2019-06-28T12:44:55.663","id":"zEONdPID4Ye","created":"2019-06-28T12:44:55.663","name":"Bird Cohort Number of Chicks","shortName":"Bird Cohort Number of Chicks","aggregationType":"NONE","domainType":"TRACKER","publicAccess":"rw------","valueType":"NUMBER","formName":"Chicks Provider","zeroIsSignificant":false,"categoryCombo":{"id":"bjDvmb4bfuf"},"lastUpdatedBy":{"id":"M5zQapPyTZI"},"user":{"id":"M5zQapPyTZI"},"translations":[],"userGroupAccesses":[],"attributeValues":[],"userAccesses":[],"legendSets":[],"aggregationLevels":[]},{"lastUpdated":"2019-06-28T13:00:49.229","id":"kluQFcZjG4M","created":"2019-06-28T13:00:49.229","name":"Bird Cohort Number of Cocks","shortName":"Bird Cohort Number of Cocks","aggregationType":"NONE","domainType":"TRACKER","publicAccess":"rw------","valueType":"NUMBER","formName":"Chicks Provider","zeroIsSignificant":false,"categoryCombo":{"id":"bjDvmb4bfuf"},"lastUpdatedBy":{"id":"M5zQapPyTZI"},"user":{"id":"M5zQapPyTZI"},"translations":[],"userGroupAccesses":[],"attributeValues":[],"userAccesses":[],"legendSets":[],"aggregationLevels":[]},{"lastUpdated":"2019-06-28T12:59:23.144","id":"z4koX62FmiJ","created":"2019-06-28T12:59:23.144","name":"Bird Cohort Number of Deaths","shortName":"Bird Cohort Number of Deaths","aggregationType":"NONE","domainType":"TRACKER","publicAccess":"rw------","valueType":"NUMBER","formName":"Cage ID","zeroIsSignificant":false,"categoryCombo":{"id":"bjDvmb4bfuf"},"lastUpdatedBy":{"id":"M5zQapPyTZI"},"user":{"id":"M5zQapPyTZI"},"translations":[],"userGroupAccesses":[],"attributeValues":[],"userAccesses":[],"legendSets":[],"aggregationLevels":[]},{"lastUpdated":"2019-06-28T13:01:06.731","id":"mFzrmjQG4tR","created":"2019-06-28T13:01:06.731","name":"Bird Cohort Number of Eggs","shortName":"Bird Cohort Number of Eggs","aggregationType":"NONE","domainType":"TRACKER","publicAccess":"rw------","valueType":"NUMBER","formName":"Chicks Provider","zeroIsSignificant":false,"categoryCombo":{"id":"bjDvmb4bfuf"},"lastUpdatedBy":{"id":"M5zQapPyTZI"},"user":{"id":"M5zQapPyTZI"},"translations":[],"userGroupAccesses":[],"attributeValues":[],"userAccesses":[],"legendSets":[],"aggregationLevels":[]},{"lastUpdated":"2019-06-28T13:00:32.596","id":"DhtnMOJHxDY","created":"2019-06-28T13:00:32.596","name":"Bird Cohort Number of Layers","shortName":"Bird Cohort Number of Layers","aggregationType":"NONE","domainType":"TRACKER","publicAccess":"rw------","valueType":"NUMBER","formName":"Chicks Provider","zeroIsSignificant":false,"categoryCombo":{"id":"bjDvmb4bfuf"},"lastUpdatedBy":{"id":"M5zQapPyTZI"},"user":{"id":"M5zQapPyTZI"},"translations":[],"userGroupAccesses":[],"attributeValues":[],"userAccesses":[],"legendSets":[],"aggregationLevels":[]},{"lastUpdated":"2019-06-28T12:53:52.001","id":"YVup3DxLdRI","created":"2019-06-28T12:53:52.001","name":"Bird Cohort Vaccination Date","shortName":"Bird Cohort Vaccination Date","aggregationType":"NONE","domainType":"TRACKER","publicAccess":"rw------","valueType":"DATE","formName":"Vaccination Date","zeroIsSignificant":false,"categoryCombo":{"id":"bjDvmb4bfuf"},"lastUpdatedBy":{"id":"M5zQapPyTZI"},"user":{"id":"M5zQapPyTZI"},"translations":[],"userGroupAccesses":[],"attributeValues":[],"userAccesses":[],"legendSets":[],"aggregationLevels":[]},{"lastUpdated":"2019-06-28T12:45:55.998","id":"Wuyhpy0ceJn","created":"2019-06-28T12:45:55.998","name":"Bird Cohort Vaccination Done","shortName":"Bird Cohort Vaccination Done","aggregationType":"NONE","domainType":"TRACKER","publicAccess":"rw------","valueType":"BOOLEAN","formName":"Vaccination Done","zeroIsSignificant":false,"categoryCombo":{"id":"bjDvmb4bfuf"},"lastUpdatedBy":{"id":"M5zQapPyTZI"},"user":{"id":"M5zQapPyTZI"},"translations":[],"userGroupAccesses":[],"attributeValues":[],"userAccesses":[],"legendSets":[],"aggregationLevels":[]},{"lastUpdated":"2019-07-02T13:17:56.527","id":"LPXCbDKz7Bv","created":"2019-06-28T12:51:35.634","name":"Bird Cohort Vaccination Type","shortName":"Bird Cohort Vaccination Type","aggregationType":"NONE","domainType":"TRACKER","publicAccess":"rw------","valueType":"TEXT","formName":"Vaccination Done","zeroIsSignificant":false,"optionSet":{"id":"yF7KsLs1Ewq"},"categoryCombo":{"id":"bjDvmb4bfuf"},"lastUpdatedBy":{"id":"M5zQapPyTZI"},"user":{"id":"M5zQapPyTZI"},"translations":[],"userGroupAccesses":[],"attributeValues":[],"userAccesses":[],"legendSets":[],"aggregationLevels":[]},{"lastUpdated":"2019-06-28T14:03:16.717","id":"gyOoG35OJAu","created":"2019-06-28T14:03:16.717","name":"Bird Sell Address","shortName":"Bird Sell Address","aggregationType":"NONE","domainType":"TRACKER","publicAccess":"rw------","valueType":"TEXT","zeroIsSignificant":false,"categoryCombo":{"id":"bjDvmb4bfuf"},"lastUpdatedBy":{"id":"M5zQapPyTZI"},"user":{"id":"M5zQapPyTZI"},"translations":[],"userGroupAccesses":[],"attributeValues":[],"userAccesses":[],"legendSets":[],"aggregationLevels":[]},{"lastUpdated":"2019-06-28T14:02:21.757","id":"gypBpXv7h99","created":"2019-06-28T14:02:21.757","name":"Bird Sell Customer","shortName":"Bird Sell Customer","aggregationType":"NONE","domainType":"TRACKER","publicAccess":"rw------","valueType":"TEXT","zeroIsSignificant":false,"categoryCombo":{"id":"bjDvmb4bfuf"},"lastUpdatedBy":{"id":"M5zQapPyTZI"},"user":{"id":"M5zQapPyTZI"},"translations":[],"userGroupAccesses":[],"attributeValues":[],"userAccesses":[],"legendSets":[],"aggregationLevels":[]},{"lastUpdated":"2019-06-28T13:57:20.867","id":"yqRZZUNiVma","created":"2019-06-28T13:57:20.867","name":"Bird Sell Date","shortName":"Bird Sell Date","aggregationType":"NONE","domainType":"TRACKER","publicAccess":"rw------","valueType":"DATE","zeroIsSignificant":false,"categoryCombo":{"id":"bjDvmb4bfuf"},"lastUpdatedBy":{"id":"M5zQapPyTZI"},"user":{"id":"M5zQapPyTZI"},"translations":[],"userGroupAccesses":[],"attributeValues":[],"userAccesses":[],"legendSets":[],"aggregationLevels":[]},{"lastUpdated":"2019-07-03T10:11:25.099","id":"F7Ah6NJ9oZJ","created":"2019-06-28T13:56:50.459","name":"Bird Sell Item Name","shortName":"Bird Sell Item Name","aggregationType":"NONE","domainType":"TRACKER","publicAccess":"rw------","valueType":"TEXT","zeroIsSignificant":false,"optionSet":{"id":"ZHjnPlLzWmq"},"categoryCombo":{"id":"bjDvmb4bfuf"},"lastUpdatedBy":{"id":"M5zQapPyTZI"},"user":{"id":"M5zQapPyTZI"},"translations":[],"userGroupAccesses":[],"attributeValues":[],"userAccesses":[],"legendSets":[],"aggregationLevels":[]},{"lastUpdated":"2019-06-28T14:02:51.431","id":"d3AGzOPCiec","created":"2019-06-28T14:02:51.431","name":"Bird Sell Paid","shortName":"Bird Sell Paid","aggregationType":"NONE","domainType":"TRACKER","publicAccess":"rw------","valueType":"BOOLEAN","zeroIsSignificant":false,"categoryCombo":{"id":"bjDvmb4bfuf"},"lastUpdatedBy":{"id":"M5zQapPyTZI"},"user":{"id":"M5zQapPyTZI"},"translations":[],"userGroupAccesses":[],"attributeValues":[],"userAccesses":[],"legendSets":[],"aggregationLevels":[]},{"lastUpdated":"2019-06-28T14:00:38.588","id":"aWimdOs9sQu","created":"2019-06-28T14:00:38.588","name":"Bird Sell Price","shortName":"Bird Sell Price","aggregationType":"NONE","domainType":"TRACKER","publicAccess":"rw------","valueType":"NUMBER","zeroIsSignificant":false,"categoryCombo":{"id":"bjDvmb4bfuf"},"lastUpdatedBy":{"id":"M5zQapPyTZI"},"user":{"id":"M5zQapPyTZI"},"translations":[],"userGroupAccesses":[],"attributeValues":[],"userAccesses":[],"legendSets":[],"aggregationLevels":[]},{"lastUpdated":"2019-06-28T13:57:55.640","id":"FU116oRxYpu","created":"2019-06-28T13:57:55.640","name":"Bird Sell Quantity","shortName":"Bird Sell Quantity","aggregationType":"NONE","domainType":"TRACKER","publicAccess":"rw------","valueType":"NUMBER","zeroIsSignificant":false,"categoryCombo":{"id":"bjDvmb4bfuf"},"lastUpdatedBy":{"id":"M5zQapPyTZI"},"user":{"id":"M5zQapPyTZI"},"translations":[],"userGroupAccesses":[],"attributeValues":[],"userAccesses":[],"legendSets":[],"aggregationLevels":[]},{"lastUpdated":"2019-06-28T13:55:03.458","id":"orRq1Ikcvyd","created":"2019-06-28T13:39:58.758","name":"House Date","shortName":"House Date","aggregationType":"NONE","domainType":"TRACKER","publicAccess":"rw------","valueType":"DATE","formName":"House ID","zeroIsSignificant":false,"categoryCombo":{"id":"bjDvmb4bfuf"},"lastUpdatedBy":{"id":"M5zQapPyTZI"},"user":{"id":"M5zQapPyTZI"},"translations":[],"userGroupAccesses":[],"attributeValues":[],"userAccesses":[],"legendSets":[],"aggregationLevels":[]},{"lastUpdated":"2019-06-28T13:53:52.632","id":"qOC1UA9pTbW","created":"2019-06-28T13:53:52.632","name":"House Humidity","shortName":"House Humidity","aggregationType":"NONE","domainType":"TRACKER","publicAccess":"rw------","valueType":"NUMBER","formName":"House ID","zeroIsSignificant":false,"categoryCombo":{"id":"bjDvmb4bfuf"},"lastUpdatedBy":{"id":"M5zQapPyTZI"},"user":{"id":"M5zQapPyTZI"},"translations":[],"userGroupAccesses":[],"attributeValues":[],"userAccesses":[],"legendSets":[],"aggregationLevels":[]},{"lastUpdated":"2019-06-28T13:53:31.074","id":"wvlabNWzN6k","created":"2019-06-28T13:53:31.074","name":"House Temperature","shortName":"House Temperature","aggregationType":"NONE","domainType":"TRACKER","publicAccess":"rw------","valueType":"NUMBER","formName":"House ID","zeroIsSignificant":false,"categoryCombo":{"id":"bjDvmb4bfuf"},"lastUpdatedBy":{"id":"M5zQapPyTZI"},"user":{"id":"M5zQapPyTZI"},"translations":[],"userGroupAccesses":[],"attributeValues":[],"userAccesses":[],"legendSets":[],"aggregationLevels":[]},{"lastUpdated":"2019-06-17T04:09:55.303","id":"cOuYeAxXZHX","created":"2019-06-06T16:27:24.549","name":"Incubator Batch Eggs Provider","shortName":"Eggs Provider","aggregationType":"NONE","domainType":"TRACKER","publicAccess":"rw------","valueType":"TEXT","formName":"Eggs Provider","zeroIsSignificant":false,"categoryCombo":{"id":"bjDvmb4bfuf"},"lastUpdatedBy":{"id":"M5zQapPyTZI"},"user":{"id":"M5zQapPyTZI"},"translations":[],"userGroupAccesses":[],"attributeValues":[],"userAccesses":[],"legendSets":[],"aggregationLevels":[]},{"lastUpdated":"2019-06-17T04:10:53.028","id":"yZc0IdJ5iss","created":"2019-06-06T16:28:47.554","name":"Incubator Batch Eggs Purchase Date","shortName":"Incubator Batch Eggs Purchase Date","aggregationType":"NONE","domainType":"TRACKER","publicAccess":"rw------","valueType":"DATE","formName":"Eggs Purchase Date","zeroIsSignificant":false,"categoryCombo":{"id":"bjDvmb4bfuf"},"lastUpdatedBy":{"id":"M5zQapPyTZI"},"user":{"id":"M5zQapPyTZI"},"translations":[],"userGroupAccesses":[],"attributeValues":[],"userAccesses":[],"legendSets":[],"aggregationLevels":[]},{"lastUpdated":"2019-06-06T16:38:32.959","id":"bSKlReke0Ga","created":"2019-06-06T16:38:32.959","name":"Incubator Batch Number of Chicks","shortName":"Incubator Batch Number of Chicks","aggregationType":"SUM","domainType":"TRACKER","publicAccess":"rw------","valueType":"NUMBER","formName":"Number of Chicks","zeroIsSignificant":false,"categoryCombo":{"id":"bjDvmb4bfuf"},"lastUpdatedBy":{"id":"M5zQapPyTZI"},"user":{"id":"M5zQapPyTZI"},"translations":[],"userGroupAccesses":[],"attributeValues":[],"userAccesses":[],"legendSets":[],"aggregationLevels":[]},{"lastUpdated":"2019-06-06T16:36:45.639","id":"MPAfeD6o3ln","created":"2019-06-06T16:36:06.102","name":"Incubator Batch Number of Damaged Eggs","shortName":"Incubator Batch Number of Damaged Eggs","aggregationType":"SUM","domainType":"TRACKER","publicAccess":"rw------","valueType":"NUMBER","formName":"Number of Damaged Eggs","zeroIsSignificant":false,"categoryCombo":{"id":"bjDvmb4bfuf"},"lastUpdatedBy":{"id":"M5zQapPyTZI"},"user":{"id":"M5zQapPyTZI"},"translations":[],"userGroupAccesses":[],"attributeValues":[],"userAccesses":[],"legendSets":[],"aggregationLevels":[]},{"lastUpdated":"2019-06-06T16:41:56.482","id":"Qd2E16lhRdY","created":"2019-06-06T16:41:56.482","name":"Incubator Batch Number of Dead Chicks","shortName":"Incubator Batch Number of Dead Chicks","aggregationType":"SUM","domainType":"TRACKER","publicAccess":"rw------","valueType":"NUMBER","formName":"Number of Dead Chicks","zeroIsSignificant":false,"categoryCombo":{"id":"bjDvmb4bfuf"},"lastUpdatedBy":{"id":"M5zQapPyTZI"},"user":{"id":"M5zQapPyTZI"},"translations":[],"userGroupAccesses":[],"attributeValues":[],"userAccesses":[],"legendSets":[],"aggregationLevels":[]},{"lastUpdated":"2019-06-06T16:40:51.287","id":"OQZzB2xdvy3","created":"2019-06-06T16:40:51.287","name":"Incubator Batch Number of Deformed Chicks","shortName":"Incubator Batch Number of Deformed Chicks","aggregationType":"SUM","domainType":"TRACKER","publicAccess":"rw------","valueType":"NUMBER","formName":"Number of Deformed Chicks","zeroIsSignificant":false,"categoryCombo":{"id":"bjDvmb4bfuf"},"lastUpdatedBy":{"id":"M5zQapPyTZI"},"user":{"id":"M5zQapPyTZI"},"translations":[],"userGroupAccesses":[],"attributeValues":[],"userAccesses":[],"legendSets":[],"aggregationLevels":[]},{"lastUpdated":"2019-06-06T16:34:00.648","id":"RTRsM9EDDgI","created":"2019-06-06T16:34:00.648","name":"Incubator Batch Number of Developed Eggs(Fertile)","shortName":"Incubator Batch Number of Developed Eggs(Fertile)","aggregationType":"NONE","domainType":"TRACKER","publicAccess":"rw------","valueType":"NUMBER","formName":"Number of Developed Eggs(Fertile)","zeroIsSignificant":false,"categoryCombo":{"id":"bjDvmb4bfuf"},"lastUpdatedBy":{"id":"M5zQapPyTZI"},"user":{"id":"M5zQapPyTZI"},"translations":[],"userGroupAccesses":[],"attributeValues":[],"userAccesses":[],"legendSets":[],"aggregationLevels":[]},{"lastUpdated":"2019-06-06T16:30:42.908","id":"orECqMdZbBb","created":"2019-06-06T16:30:42.908","name":"Incubator Batch Number of Eggs","shortName":"Incubator Batch Number of Eggs","aggregationType":"NONE","domainType":"TRACKER","publicAccess":"rw------","valueType":"NUMBER","formName":"Number of Eggs","zeroIsSignificant":false,"categoryCombo":{"id":"bjDvmb4bfuf"},"lastUpdatedBy":{"id":"M5zQapPyTZI"},"user":{"id":"M5zQapPyTZI"},"translations":[],"userGroupAccesses":[],"attributeValues":[],"userAccesses":[],"legendSets":[],"aggregationLevels":[]},{"lastUpdated":"2019-06-06T16:37:48.671","id":"BdpUL8f1Yow","created":"2019-06-06T16:37:48.671","name":"Incubator Batch Number of Eggs not Developed","shortName":"Incubator Batch Number of Eggs not Developed","aggregationType":"SUM","domainType":"TRACKER","publicAccess":"rw------","valueType":"NUMBER","formName":"Number of Eggs not Developed","zeroIsSignificant":false,"categoryCombo":{"id":"bjDvmb4bfuf"},"lastUpdatedBy":{"id":"M5zQapPyTZI"},"user":{"id":"M5zQapPyTZI"},"translations":[],"userGroupAccesses":[],"attributeValues":[],"userAccesses":[],"legendSets":[],"aggregationLevels":[]},{"lastUpdated":"2019-06-06T16:39:45.595","id":"sVHv9zU5O0s","created":"2019-06-06T16:39:45.595","name":"Incubator Batch Number of Healthy Chicks","shortName":"Incubator Batch Number of Healthy Chicks","aggregationType":"SUM","domainType":"TRACKER","publicAccess":"rw------","valueType":"NUMBER","formName":"Number of Healthy Chicks","zeroIsSignificant":false,"categoryCombo":{"id":"bjDvmb4bfuf"},"lastUpdatedBy":{"id":"M5zQapPyTZI"},"user":{"id":"M5zQapPyTZI"},"translations":[],"userGroupAccesses":[],"attributeValues":[],"userAccesses":[],"legendSets":[],"aggregationLevels":[]}],"categories":[{"code":"default","created":"2019-05-20T14:38:41.697","lastUpdated":"2019-07-02T11:46:31.855","name":"default","id":"GLevLNI9wkl","dataDimensionType":"DISAGGREGATION","publicAccess":"rw------","dataDimension":false,"userGroupAccesses":[],"attributeValues":[],"translations":[],"userAccesses":[],"categoryOptions":[{"id":"xYerKDKCefk"}]}],"organisationUnits":[{"created":"2019-06-06T17:34:05.367","lastUpdated":"2019-06-06T17:34:05.382","name":"Malawi","id":"MQRHh8c4eLU","shortName":"Malawi","path":"/NYQMMJZJkmj/MQRHh8c4eLU","featureType":"NONE","openingDate":"1973-06-06T00:00:00.000","parent":{"id":"NYQMMJZJkmj"},"lastUpdatedBy":{"id":"M5zQapPyTZI"},"user":{"id":"M5zQapPyTZI"},"attributeValues":[],"translations":[]},{"code":"NDL","created":"2019-05-20T15:24:09.675","lastUpdated":"2019-06-06T17:33:28.955","name":"Ndola","id":"NYQMMJZJkmj","shortName":"Ndola","path":"/NYQMMJZJkmj","closedDate":"2019-05-31T00:00:00.000","featureType":"NONE","openingDate":"1951-05-20T00:00:00.000","lastUpdatedBy":{"id":"M5zQapPyTZI"},"user":{"id":"M5zQapPyTZI"},"attributeValues":[],"translations":[]}],"trackedEntityAttributes":[{"lastUpdated":"2019-06-28T12:38:56.215","id":"fKSPzIibGko","created":"2019-06-28T12:38:56.215","name":"Bird Cohort Active Status","shortName":"Bird Cohort Active Status","aggregationType":"NONE","programScope":false,"displayInListNoProgram":false,"publicAccess":"rw------","pattern":"","skipSynchronization":false,"generated":false,"displayOnVisitSchedule":false,"valueType":"BOOLEAN","orgunitScope":false,"confidential":false,"unique":false,"inherit":false,"lastUpdatedBy":{"id":"M5zQapPyTZI"},"user":{"id":"M5zQapPyTZI"},"translations":[],"userGroupAccesses":[],"attributeValues":[],"userAccesses":[],"legendSets":[]},{"lastUpdated":"2019-06-28T12:37:18.231","id":"d9XZt8odgnS","created":"2019-06-28T12:37:18.231","name":"Bird Cohort Bird Type","shortName":"Bird Cohort Bird Type","aggregationType":"NONE","programScope":false,"displayInListNoProgram":false,"publicAccess":"rw------","pattern":"","skipSynchronization":false,"generated":false,"displayOnVisitSchedule":false,"valueType":"TEXT","orgunitScope":false,"confidential":false,"unique":false,"inherit":false,"optionSet":{"id":"pW1TuVBd2xw"},"lastUpdatedBy":{"id":"M5zQapPyTZI"},"user":{"id":"M5zQapPyTZI"},"translations":[],"userGroupAccesses":[],"attributeValues":[],"userAccesses":[],"legendSets":[]},{"lastUpdated":"2019-06-28T12:42:17.216","id":"G0TYKyOzBpO","created":"2019-06-28T12:37:58.474","name":"Bird Cohort Cohort Name","shortName":"Bird Cohort Cohort Name","aggregationType":"NONE","programScope":false,"displayInListNoProgram":false,"publicAccess":"rw------","pattern":"","skipSynchronization":false,"generated":false,"displayOnVisitSchedule":false,"valueType":"TEXT","orgunitScope":true,"confidential":false,"unique":true,"inherit":false,"lastUpdatedBy":{"id":"M5zQapPyTZI"},"user":{"id":"M5zQapPyTZI"},"translations":[],"userGroupAccesses":[],"attributeValues":[],"userAccesses":[],"legendSets":[]},{"lastUpdated":"2019-06-28T12:35:40.324","id":"ddXNeWjvwp3","created":"2019-06-06T22:39:12.212","name":"Bird Cohort Start Date","shortName":"Bird Cohort Start Date","aggregationType":"NONE","programScope":false,"displayInListNoProgram":false,"publicAccess":"rw------","pattern":"","skipSynchronization":false,"generated":false,"displayOnVisitSchedule":false,"valueType":"DATE","orgunitScope":false,"confidential":false,"unique":false,"inherit":false,"lastUpdatedBy":{"id":"M5zQapPyTZI"},"user":{"id":"M5zQapPyTZI"},"translations":[],"userGroupAccesses":[],"attributeValues":[],"userAccesses":[],"legendSets":[]},{"lastUpdated":"2019-06-28T14:07:15.815","id":"QpOxrQsVHLG","created":"2019-06-28T14:07:15.815","name":"House Bird Type","shortName":"House Bird Type","aggregationType":"NONE","programScope":false,"displayInListNoProgram":false,"publicAccess":"rw------","pattern":"","skipSynchronization":false,"generated":false,"displayOnVisitSchedule":false,"valueType":"TEXT","orgunitScope":false,"confidential":false,"unique":false,"inherit":false,"optionSet":{"id":"pW1TuVBd2xw"},"lastUpdatedBy":{"id":"M5zQapPyTZI"},"user":{"id":"M5zQapPyTZI"},"translations":[],"userGroupAccesses":[],"attributeValues":[],"userAccesses":[],"legendSets":[]},{"lastUpdated":"2019-06-28T14:06:30.687","id":"s75rVKmfQwx","created":"2019-06-28T14:06:30.687","name":"House ID","shortName":"House ID","aggregationType":"NONE","programScope":false,"displayInListNoProgram":false,"publicAccess":"rw------","pattern":"","skipSynchronization":false,"generated":false,"displayOnVisitSchedule":false,"valueType":"TEXT","orgunitScope":false,"confidential":false,"unique":true,"inherit":false,"lastUpdatedBy":{"id":"M5zQapPyTZI"},"user":{"id":"M5zQapPyTZI"},"translations":[],"userGroupAccesses":[],"attributeValues":[],"userAccesses":[],"legendSets":[]},{"lastUpdated":"2019-06-06T16:46:13.518","id":"TBLjkZ0d5Y8","created":"2019-06-06T16:46:13.518","name":"Incubator Batch Active Status","shortName":"Incubator Batch Active Status","aggregationType":"NONE","programScope":false,"displayInListNoProgram":false,"publicAccess":"rw------","pattern":"","skipSynchronization":false,"generated":false,"displayOnVisitSchedule":false,"valueType":"BOOLEAN","orgunitScope":false,"confidential":false,"unique":false,"inherit":false,"lastUpdatedBy":{"id":"M5zQapPyTZI"},"user":{"id":"M5zQapPyTZI"},"translations":[],"userGroupAccesses":[],"attributeValues":[],"userAccesses":[],"legendSets":[]},{"lastUpdated":"2019-06-16T17:35:30.531","id":"KcbtonLHdsH","created":"2019-06-06T20:47:40.512","name":"Incubator Batch Batch Name","shortName":"Incubator Batch Batch Name","aggregationType":"NONE","programScope":false,"displayInListNoProgram":false,"publicAccess":"rw------","pattern":"","skipSynchronization":false,"generated":false,"displayOnVisitSchedule":false,"valueType":"TEXT","orgunitScope":true,"confidential":false,"unique":true,"inherit":false,"lastUpdatedBy":{"id":"M5zQapPyTZI"},"user":{"id":"M5zQapPyTZI"},"translations":[],"userGroupAccesses":[],"attributeValues":[],"userAccesses":[],"legendSets":[]},{"lastUpdated":"2019-06-16T17:38:14.902","id":"m1X2lR2i4hG","created":"2019-06-16T17:38:14.902","name":"Incubator Batch Bird Type","shortName":"Incubator Batch Bird Type","aggregationType":"NONE","programScope":false,"displayInListNoProgram":false,"publicAccess":"rw------","pattern":"","skipSynchronization":false,"generated":false,"displayOnVisitSchedule":false,"valueType":"TEXT","orgunitScope":false,"confidential":false,"unique":false,"inherit":false,"optionSet":{"id":"pW1TuVBd2xw"},"lastUpdatedBy":{"id":"M5zQapPyTZI"},"user":{"id":"M5zQapPyTZI"},"translations":[],"userGroupAccesses":[],"attributeValues":[],"userAccesses":[],"legendSets":[]},{"code":"ED","lastUpdated":"2019-06-16T18:28:15.493","id":"wL8L6P45FYQ","created":"2019-06-06T16:15:51.245","name":"Incubator Batch End Date","shortName":"End Date","aggregationType":"NONE","programScope":false,"displayInListNoProgram":false,"publicAccess":"rw------","pattern":"","description":"The finishing date for the Incubation period of the Incubator Batch","skipSynchronization":false,"generated":false,"displayOnVisitSchedule":false,"valueType":"DATE","orgunitScope":false,"confidential":false,"unique":false,"inherit":false,"lastUpdatedBy":{"id":"M5zQapPyTZI"},"user":{"id":"M5zQapPyTZI"},"translations":[],"userGroupAccesses":[],"attributeValues":[],"userAccesses":[],"legendSets":[]},{"lastUpdated":"2019-06-16T18:42:48.300","id":"G2iWREX67Gn","created":"2019-06-06T20:49:42.145","name":"Incubator Batch Incubator ID","shortName":"Incubator Batch Incubator ID","aggregationType":"NONE","programScope":false,"displayInListNoProgram":false,"publicAccess":"rw------","pattern":"","skipSynchronization":false,"generated":false,"displayOnVisitSchedule":false,"valueType":"TEXT","orgunitScope":false,"confidential":false,"unique":false,"inherit":false,"lastUpdatedBy":{"id":"M5zQapPyTZI"},"user":{"id":"M5zQapPyTZI"},"translations":[],"userGroupAccesses":[],"attributeValues":[],"userAccesses":[],"legendSets":[]},{"code":"SD","lastUpdated":"2019-06-16T18:28:05.704","id":"c8jfIOSaIqE","created":"2019-06-06T16:14:00.039","name":"Incubator Batch Start Date","shortName":"Start Date","aggregationType":"NONE","programScope":false,"displayInListNoProgram":false,"publicAccess":"rw------","pattern":"","description":"The start date of the Incubation for Batch","skipSynchronization":false,"generated":false,"displayOnVisitSchedule":false,"valueType":"DATE","orgunitScope":false,"confidential":false,"unique":false,"inherit":false,"lastUpdatedBy":{"id":"M5zQapPyTZI"},"user":{"id":"M5zQapPyTZI"},"translations":[],"userGroupAccesses":[],"attributeValues":[],"userAccesses":[],"legendSets":[]},{"lastUpdated":"2019-07-03T07:20:03.892","id":"bMwenBrYApH","created":"2019-07-03T07:20:03.892","name":"Poultry Item Name","shortName":"Poultry Item Name","aggregationType":"NONE","programScope":false,"displayInListNoProgram":false,"publicAccess":"rw------","pattern":"","skipSynchronization":false,"generated":false,"displayOnVisitSchedule":false,"valueType":"TEXT","orgunitScope":false,"confidential":false,"unique":true,"inherit":false,"lastUpdatedBy":{"id":"M5zQapPyTZI"},"user":{"id":"M5zQapPyTZI"},"translations":[],"userGroupAccesses":[],"attributeValues":[],"userAccesses":[],"legendSets":[]}],"categoryCombos":[{"code":"default","created":"2019-05-20T14:38:41.711","lastUpdated":"2019-05-20T14:38:41.726","name":"default","id":"bjDvmb4bfuf","dataDimensionType":"DISAGGREGATION","publicAccess":"rw------","skipTotal":false,"userGroupAccesses":[],"translations":[],"userAccesses":[],"categories":[{"id":"GLevLNI9wkl"}]}],"categoryOptions":[{"code":"default","created":"2019-05-20T14:38:41.127","lastUpdated":"2019-05-20T14:38:41.730","name":"default","id":"xYerKDKCefk","shortName":"default","publicAccess":"rwrw----","userGroupAccesses":[],"attributeValues":[],"translations":[],"userAccesses":[],"organisationUnits":[]}],"programs":[{"lastUpdated":"2019-07-02T17:35:13.220","id":"j6gDtw5XAzB","created":"2019-06-06T22:42:56.135","name":"Bird Cohorts","shortName":"Bird Cohorts","publicAccess":"rw------","completeEventsExpiryDays":0,"ignoreOverdueEvents":false,"skipOffline":false,"captureCoordinates":false,"minAttributesRequiredToSearch":1,"displayFrontPageList":false,"onlyEnrollOnce":true,"programType":"WITH_REGISTRATION","accessLevel":"OPEN","version":4,"maxTeiCountToReturn":0,"selectIncidentDatesInFuture":true,"displayIncidentDate":true,"selectEnrollmentDatesInFuture":true,"expiryDays":0,"useFirstStageDuringRegistration":true,"categoryCombo":{"id":"bjDvmb4bfuf"},"lastUpdatedBy":{"id":"M5zQapPyTZI"},"trackedEntityType":{"id":"qXbcQRORGZc"},"style":{"color":"#8e24aa"},"user":{"id":"M5zQapPyTZI"},"programTrackedEntityAttributes":[{"lastUpdated":"2019-07-02T17:35:13.221","id":"dxFRWhSNHoe","created":"2019-06-06T22:42:56.093","name":"Bird Cohorts Bird Cohort Start Date","displayName":"Bird Cohorts Bird Cohort Start Date","mandatory":true,"displayShortName":"Bird Cohorts Bird Cohort Start Date","externalAccess":false,"renderOptionsAsRadio":false,"valueType":"DATE","allowFutureDate":false,"searchable":false,"displayInList":true,"sortOrder":1,"favorite":false,"access":{"read":true,"update":true,"externalize":true,"delete":true,"write":true,"manage":true},"program":{"id":"j6gDtw5XAzB"},"trackedEntityAttribute":{"id":"ddXNeWjvwp3"},"favorites":[],"programTrackedEntityAttributeGroups":[],"translations":[],"userGroupAccesses":[],"attributeValues":[],"userAccesses":[]}],"notificationTemplates":[],"translations":[],"organisationUnits":[{"id":"MQRHh8c4eLU"},{"id":"NYQMMJZJkmj"}],"userGroupAccesses":[],"programSections":[],"attributeValues":[],"programStages":[{"id":"a0lAmMYrfnV"},{"id":"BMDNZCVXBtK"},{"id":"rXCHyyMQLEg"},{"id":"vy6lvhnoO5s"}],"userAccesses":[]},{"lastUpdated":"2019-06-28T14:13:56.911","id":"v7hAN6QcXgS","created":"2019-06-28T14:13:56.792","name":"Bird Housing","shortName":"Bird Housing","publicAccess":"rw------","completeEventsExpiryDays":0,"ignoreOverdueEvents":false,"skipOffline":false,"captureCoordinates":false,"minAttributesRequiredToSearch":1,"displayFrontPageList":false,"onlyEnrollOnce":false,"programType":"WITH_REGISTRATION","accessLevel":"OPEN","version":0,"maxTeiCountToReturn":0,"selectIncidentDatesInFuture":false,"displayIncidentDate":true,"selectEnrollmentDatesInFuture":false,"expiryDays":0,"useFirstStageDuringRegistration":false,"categoryCombo":{"id":"bjDvmb4bfuf"},"lastUpdatedBy":{"id":"M5zQapPyTZI"},"trackedEntityType":{"id":"U8sxQ0YDJtx"},"user":{"id":"M5zQapPyTZI"},"programTrackedEntityAttributes":[{"lastUpdated":"2019-06-28T14:13:56.792","id":"BA7ra4O2kF5","created":"2019-06-28T14:13:56.629","name":"Bird Housing House Bird Type","displayName":"Bird Housing House Bird Type","mandatory":false,"displayShortName":"Bird Housing House Bird Type","externalAccess":false,"renderOptionsAsRadio":false,"valueType":"TEXT","allowFutureDate":false,"searchable":false,"displayInList":false,"sortOrder":1,"favorite":false,"access":{"read":true,"update":true,"externalize":true,"delete":true,"write":true,"manage":true},"program":{"id":"v7hAN6QcXgS"},"trackedEntityAttribute":{"id":"QpOxrQsVHLG"},"favorites":[],"programTrackedEntityAttributeGroups":[],"translations":[],"userGroupAccesses":[],"attributeValues":[],"userAccesses":[]},{"lastUpdated":"2019-06-28T14:13:56.792","id":"QQiiFk1GTXt","created":"2019-06-28T14:13:56.630","name":"Bird Housing House ID","displayName":"Bird Housing House ID","mandatory":true,"displayShortName":"Bird Housing House ID","externalAccess":false,"renderOptionsAsRadio":false,"valueType":"TEXT","allowFutureDate":false,"searchable":false,"displayInList":false,"sortOrder":2,"favorite":false,"access":{"read":true,"update":true,"externalize":true,"delete":true,"write":true,"manage":true},"program":{"id":"v7hAN6QcXgS"},"trackedEntityAttribute":{"id":"s75rVKmfQwx"},"favorites":[],"programTrackedEntityAttributeGroups":[],"translations":[],"userGroupAccesses":[],"attributeValues":[],"userAccesses":[]}],"notificationTemplates":[],"translations":[],"organisationUnits":[{"id":"MQRHh8c4eLU"},{"id":"NYQMMJZJkmj"}],"userGroupAccesses":[],"programSections":[],"attributeValues":[],"programStages":[{"id":"Nd7ciULqavc"}],"userAccesses":[]},{"lastUpdated":"2019-06-28T14:25:18.453","id":"SCvoHavteGk","created":"2019-06-28T14:24:48.653","name":"Bird Sales","shortName":"Bird Sales","publicAccess":"rw------","completeEventsExpiryDays":0,"ignoreOverdueEvents":false,"skipOffline":false,"captureCoordinates":false,"minAttributesRequiredToSearch":1,"displayFrontPageList":false,"onlyEnrollOnce":false,"programType":"WITHOUT_REGISTRATION","accessLevel":"OPEN","version":1,"maxTeiCountToReturn":0,"selectIncidentDatesInFuture":false,"displayIncidentDate":true,"selectEnrollmentDatesInFuture":false,"expiryDays":0,"useFirstStageDuringRegistration":false,"categoryCombo":{"id":"bjDvmb4bfuf"},"lastUpdatedBy":{"id":"M5zQapPyTZI"},"user":{"id":"M5zQapPyTZI"},"programTrackedEntityAttributes":[],"notificationTemplates":[],"translations":[],"organisationUnits":[{"id":"NYQMMJZJkmj"},{"id":"MQRHh8c4eLU"}],"userGroupAccesses":[],"programSections":[],"attributeValues":[],"programStages":[{"id":"Y2a6fa4QVma"}],"userAccesses":[]},{"code":"IB","lastUpdated":"2019-06-17T03:54:54.299","id":"ieL3KoZa9a3","created":"2019-06-06T16:11:21.631","name":"Incubator Batches","shortName":"Incubation","publicAccess":"rw------","completeEventsExpiryDays":0,"description":"This Program is for Tracking Incubation Data for Incubator Batches through different stages of incubation","ignoreOverdueEvents":false,"skipOffline":false,"captureCoordinates":false,"minAttributesRequiredToSearch":1,"displayFrontPageList":false,"onlyEnrollOnce":false,"programType":"WITH_REGISTRATION","accessLevel":"OPEN","version":6,"maxTeiCountToReturn":0,"selectIncidentDatesInFuture":true,"displayIncidentDate":true,"selectEnrollmentDatesInFuture":true,"expiryDays":0,"useFirstStageDuringRegistration":true,"categoryCombo":{"id":"bjDvmb4bfuf"},"lastUpdatedBy":{"id":"M5zQapPyTZI"},"trackedEntityType":{"id":"G2ZFh00IE4i"},"style":{"color":"#d32f2f","icon":"malaria_mixed_microscope_positive"},"user":{"id":"M5zQapPyTZI"},"programTrackedEntityAttributes":[{"lastUpdated":"2019-06-17T03:54:54.301","id":"yG16zztO7dg","created":"2019-06-06T16:17:14.759","name":"Incubator Batches Incubator Batch Start Date","displayName":"Incubator Batches Incubator Batch Start Date","mandatory":true,"displayShortName":"Incubation Start Date","externalAccess":false,"renderOptionsAsRadio":false,"valueType":"DATE","allowFutureDate":false,"searchable":false,"displayInList":true,"sortOrder":1,"favorite":false,"access":{"read":true,"update":true,"externalize":true,"delete":true,"write":true,"manage":true},"program":{"id":"ieL3KoZa9a3"},"trackedEntityAttribute":{"id":"c8jfIOSaIqE"},"favorites":[],"programTrackedEntityAttributeGroups":[],"translations":[],"userGroupAccesses":[],"attributeValues":[],"userAccesses":[]},{"lastUpdated":"2019-06-17T03:54:54.303","id":"fYmjMhSq2Zp","created":"2019-06-06T16:17:14.760","name":"Incubator Batches Incubator Batch End Date","displayName":"Incubator Batches Incubator Batch End Date","mandatory":false,"displayShortName":"Incubation End Date","externalAccess":false,"renderOptionsAsRadio":false,"valueType":"DATE","allowFutureDate":false,"searchable":false,"displayInList":true,"sortOrder":2,"favorite":false,"access":{"read":true,"update":true,"externalize":true,"delete":true,"write":true,"manage":true},"program":{"id":"ieL3KoZa9a3"},"trackedEntityAttribute":{"id":"wL8L6P45FYQ"},"favorites":[],"programTrackedEntityAttributeGroups":[],"translations":[],"userGroupAccesses":[],"attributeValues":[],"userAccesses":[]},{"lastUpdated":"2019-06-17T03:54:54.304","id":"A88fXwAx2Gp","created":"2019-06-17T03:54:53.736","name":"Incubator Batches Incubator Batch Batch Name","displayName":"Incubator Batches Incubator Batch Batch Name","mandatory":false,"displayShortName":"Incubation Incubator Batch Batch Name","externalAccess":false,"renderOptionsAsRadio":false,"valueType":"TEXT","allowFutureDate":false,"searchable":false,"displayInList":false,"sortOrder":3,"favorite":false,"access":{"read":true,"update":true,"externalize":true,"delete":true,"write":true,"manage":true},"program":{"id":"ieL3KoZa9a3"},"trackedEntityAttribute":{"id":"KcbtonLHdsH"},"favorites":[],"programTrackedEntityAttributeGroups":[],"translations":[],"userGroupAccesses":[],"attributeValues":[],"userAccesses":[]},{"lastUpdated":"2019-06-17T03:54:54.305","id":"RVBwbQ3QLJp","created":"2019-06-17T03:54:53.736","name":"Incubator Batches Incubator Batch Incubator ID","displayName":"Incubator Batches Incubator Batch Incubator ID","mandatory":false,"displayShortName":"Incubation Incubator Batch Incubator ID","externalAccess":false,"renderOptionsAsRadio":false,"valueType":"TEXT","allowFutureDate":false,"searchable":false,"displayInList":false,"sortOrder":4,"favorite":false,"access":{"read":true,"update":true,"externalize":true,"delete":true,"write":true,"manage":true},"program":{"id":"ieL3KoZa9a3"},"trackedEntityAttribute":{"id":"G2iWREX67Gn"},"favorites":[],"programTrackedEntityAttributeGroups":[],"translations":[],"userGroupAccesses":[],"attributeValues":[],"userAccesses":[]},{"lastUpdated":"2019-06-17T03:54:54.306","id":"whF1rkwhD9d","created":"2019-06-17T03:54:53.736","name":"Incubator Batches Incubator Batch Bird Type","displayName":"Incubator Batches Incubator Batch Bird Type","mandatory":false,"displayShortName":"Incubation Incubator Batch Bird Type","externalAccess":false,"renderOptionsAsRadio":false,"valueType":"TEXT","allowFutureDate":false,"searchable":false,"displayInList":false,"sortOrder":5,"favorite":false,"access":{"read":true,"update":true,"externalize":true,"delete":true,"write":true,"manage":true},"program":{"id":"ieL3KoZa9a3"},"trackedEntityAttribute":{"id":"m1X2lR2i4hG"},"favorites":[],"programTrackedEntityAttributeGroups":[],"translations":[],"userGroupAccesses":[],"attributeValues":[],"userAccesses":[]},{"lastUpdated":"2019-06-17T03:54:54.307","id":"dHtozzhfF2v","created":"2019-06-17T03:54:53.736","name":"Incubator Batches Incubator Batch Active Status","displayName":"Incubator Batches Incubator Batch Active Status","mandatory":false,"displayShortName":"Incubation Incubator Batch Active Status","externalAccess":false,"renderOptionsAsRadio":false,"valueType":"BOOLEAN","allowFutureDate":false,"searchable":false,"displayInList":false,"sortOrder":6,"favorite":false,"access":{"read":true,"update":true,"externalize":true,"delete":true,"write":true,"manage":true},"program":{"id":"ieL3KoZa9a3"},"trackedEntityAttribute":{"id":"TBLjkZ0d5Y8"},"favorites":[],"programTrackedEntityAttributeGroups":[],"translations":[],"userGroupAccesses":[],"attributeValues":[],"userAccesses":[]}],"notificationTemplates":[],"translations":[],"organisationUnits":[{"id":"MQRHh8c4eLU"},{"id":"NYQMMJZJkmj"}],"userGroupAccesses":[],"programSections":[],"attributeValues":[],"programStages":[{"id":"KuYGyvPVtcR"},{"id":"qgoGswZXWAS"},{"id":"bXX05wWUIdS"}],"userAccesses":[]},{"lastUpdated":"2019-07-03T07:27:14.236","id":"pSHgBHUGd1e","created":"2019-07-03T07:23:46.289","name":"Poultry Sales","shortName":"Poultry Sales","publicAccess":"rw------","completeEventsExpiryDays":0,"ignoreOverdueEvents":false,"skipOffline":false,"captureCoordinates":false,"minAttributesRequiredToSearch":1,"displayFrontPageList":false,"onlyEnrollOnce":false,"programType":"WITH_REGISTRATION","accessLevel":"OPEN","version":1,"maxTeiCountToReturn":0,"selectIncidentDatesInFuture":false,"displayIncidentDate":true,"selectEnrollmentDatesInFuture":false,"expiryDays":0,"useFirstStageDuringRegistration":false,"categoryCombo":{"id":"bjDvmb4bfuf"},"lastUpdatedBy":{"id":"M5zQapPyTZI"},"trackedEntityType":{"id":"XtIHdPSJvsH"},"user":{"id":"M5zQapPyTZI"},"programTrackedEntityAttributes":[{"lastUpdated":"2019-07-03T07:27:14.243","id":"wCIufXBF1dW","created":"2019-07-03T07:27:13.837","name":"Poultry Sales Poultry Item Name","displayName":"Poultry Sales Poultry Item Name","mandatory":true,"displayShortName":"Poultry Sales Poultry Item Name","externalAccess":false,"renderOptionsAsRadio":false,"valueType":"TEXT","searchable":false,"displayInList":false,"sortOrder":1,"favorite":false,"access":{"read":true,"update":true,"externalize":true,"delete":true,"write":true,"manage":true},"program":{"id":"pSHgBHUGd1e"},"trackedEntityAttribute":{"id":"bMwenBrYApH"},"favorites":[],"programTrackedEntityAttributeGroups":[],"translations":[],"userGroupAccesses":[],"attributeValues":[],"userAccesses":[]}],"notificationTemplates":[],"translations":[],"organisationUnits":[{"id":"MQRHh8c4eLU"},{"id":"NYQMMJZJkmj"}],"userGroupAccesses":[],"programSections":[],"attributeValues":[],"programStages":[{"id":"kBjpEEqJbGT"},{"id":"m8nCdhnVsih"}],"userAccesses":[]}],"users":[{"code":"admin","lastUpdated":"2019-06-16T21:12:54.200","id":"M5zQapPyTZI","created":"2019-05-20T14:54:28.069","surname":"admin","lastCheckedInterpretations":"2019-06-06T19:49:24.791","firstName":"admin","userCredentials":{"lastUpdated":"2019-06-16T21:12:53.992","id":"KvMx6c1eoYo","created":"2019-06-16T21:12:53.992","name":"admin admin","lastLogin":"2019-07-03T12:59:33.104","displayName":"admin admin","externalAuth":false,"externalAccess":false,"disabled":false,"twoFA":false,"passwordLastUpdated":"2019-06-16T21:12:53.992","invitation":false,"selfRegistered":false,"favorite":false,"username":"admin","userInfo":{"id":"M5zQapPyTZI"},"access":{"read":true,"update":true,"externalize":true,"delete":true,"write":true,"manage":true},"favorites":[],"cogsDimensionConstraints":[],"catDimensionConstraints":[],"translations":[],"userGroupAccesses":[],"attributeValues":[],"userRoles":[{"id":"yrB6vc5Ip3r"}],"userAccesses":[]},"teiSearchOrganisationUnits":[{"id":"NYQMMJZJkmj"}],"organisationUnits":[{"id":"NYQMMJZJkmj"}],"dataViewOrganisationUnits":[{"id":"NYQMMJZJkmj"}],"attributeValues":[]}],"optionSets":[{"created":"2019-06-06T16:24:25.315","lastUpdated":"2019-06-06T16:26:38.193","name":"Birds","id":"pW1TuVBd2xw","publicAccess":"rw------","version":3,"valueType":"TEXT","lastUpdatedBy":{"id":"M5zQapPyTZI"},"user":{"id":"M5zQapPyTZI"},"userGroupAccesses":[],"attributeValues":[],"translations":[],"userAccesses":[],"options":[{"id":"OOe13xmvDZT"},{"id":"ETH61UDgSbY"},{"id":"eaLWg8Mewno"}]},{"code":"PoultryProducts","created":"2019-07-03T10:06:45.719","lastUpdated":"2019-07-03T10:07:22.462","name":"Poultry Products","id":"ZHjnPlLzWmq","publicAccess":"rw------","version":3,"valueType":"TEXT","lastUpdatedBy":{"id":"M5zQapPyTZI"},"user":{"id":"M5zQapPyTZI"},"userGroupAccesses":[],"attributeValues":[],"translations":[],"userAccesses":[],"options":[{"id":"kilQ9IKaW3Z"},{"id":"I9ZDVLQq1B6"},{"id":"K5NHdGUli5m"}]},{"code":"Vaccine","created":"2019-06-28T12:49:01.159","lastUpdated":"2019-07-02T13:16:47.810","name":"Vaccinations","id":"yF7KsLs1Ewq","publicAccess":"rw------","version":7,"valueType":"TEXT","lastUpdatedBy":{"id":"M5zQapPyTZI"},"user":{"id":"M5zQapPyTZI"},"userGroupAccesses":[],"attributeValues":[],"translations":[],"userAccesses":[],"options":[{"id":"cOuoS07Icwr"},{"id":"JhTPL19fOW2"},{"id":"Ugl4Upekd1n"},{"id":"zqZ2X4p84AA"},{"id":"fzpIxOqhBCI"},{"id":"HfkV2rOBbcI"},{"id":"OMNfmLj7oar"}]}],"programStages":[{"lastUpdated":"2019-07-02T12:09:19.800","id":"rXCHyyMQLEg","created":"2019-06-06T22:44:44.865","name":"Bird Cohort Diseases","allowGenerateNextVisit":true,"validCompleteOnly":false,"preGenerateUID":false,"publicAccess":"rw------","openAfterEnrollment":false,"repeatable":true,"remindCompleted":false,"displayGenerateEventBox":true,"generatedByEnrollmentDate":false,"autoGenerateEvent":true,"sortOrder":3,"hideDueDate":false,"blockEntryForm":false,"minDaysFromStart":0,"program":{"id":"j6gDtw5XAzB"},"lastUpdatedBy":{"id":"M5zQapPyTZI"},"style":{"color":"#8e24aa"},"user":{"id":"M5zQapPyTZI"},"notificationTemplates":[],"programStageDataElements":[{"lastUpdated":"2019-07-02T12:09:19.802","id":"Zr6pmBkGruK","created":"2019-07-02T12:09:19.802","displayInReports":false,"skipSynchronization":false,"externalAccess":false,"renderOptionsAsRadio":false,"allowFutureDate":false,"compulsory":false,"allowProvidedElsewhere":false,"sortOrder":1,"favorite":false,"access":{"read":true,"update":true,"externalize":true,"delete":true,"write":true,"manage":true},"programStage":{"id":"rXCHyyMQLEg"},"dataElement":{"id":"oK4QWeTnY41"},"favorites":[],"translations":[],"userGroupAccesses":[],"attributeValues":[],"userAccesses":[]},{"lastUpdated":"2019-07-02T12:09:19.803","id":"gaESedCaGh6","created":"2019-07-02T12:09:19.803","displayInReports":false,"skipSynchronization":false,"externalAccess":false,"renderOptionsAsRadio":false,"allowFutureDate":false,"compulsory":false,"allowProvidedElsewhere":false,"sortOrder":2,"favorite":false,"access":{"read":true,"update":true,"externalize":true,"delete":true,"write":true,"manage":true},"programStage":{"id":"rXCHyyMQLEg"},"dataElement":{"id":"T9L5M80MdwT"},"favorites":[],"translations":[],"userGroupAccesses":[],"attributeValues":[],"userAccesses":[]},{"lastUpdated":"2019-07-02T12:09:19.802","id":"SxqcCFSgott","created":"2019-07-02T12:09:19.802","displayInReports":false,"skipSynchronization":false,"externalAccess":false,"renderOptionsAsRadio":false,"allowFutureDate":false,"compulsory":false,"allowProvidedElsewhere":false,"sortOrder":3,"favorite":false,"access":{"read":true,"update":true,"externalize":true,"delete":true,"write":true,"manage":true},"programStage":{"id":"rXCHyyMQLEg"},"dataElement":{"id":"FNGBHWMWwfw"},"favorites":[],"translations":[],"userGroupAccesses":[],"attributeValues":[],"userAccesses":[]},{"lastUpdated":"2019-07-02T12:09:19.803","id":"SgASXQpjgob","created":"2019-07-02T12:09:19.803","displayInReports":false,"skipSynchronization":false,"externalAccess":false,"renderOptionsAsRadio":false,"allowFutureDate":false,"compulsory":false,"allowProvidedElsewhere":false,"sortOrder":4,"favorite":false,"access":{"read":true,"update":true,"externalize":true,"delete":true,"write":true,"manage":true},"programStage":{"id":"rXCHyyMQLEg"},"dataElement":{"id":"J4B1jMcbDGJ"},"favorites":[],"translations":[],"userGroupAccesses":[],"attributeValues":[],"userAccesses":[]},{"lastUpdated":"2019-07-02T12:09:19.801","id":"qdlSH2DgO9n","created":"2019-07-02T12:09:19.801","displayInReports":false,"skipSynchronization":false,"externalAccess":false,"renderOptionsAsRadio":false,"allowFutureDate":false,"compulsory":false,"allowProvidedElsewhere":false,"sortOrder":5,"favorite":false,"access":{"read":true,"update":true,"externalize":true,"delete":true,"write":true,"manage":true},"programStage":{"id":"rXCHyyMQLEg"},"dataElement":{"id":"z4koX62FmiJ"},"favorites":[],"translations":[],"userGroupAccesses":[],"attributeValues":[],"userAccesses":[]}],"translations":[],"userGroupAccesses":[],"attributeValues":[],"userAccesses":[],"programStageSections":[]},{"lastUpdated":"2019-07-02T12:09:19.792","id":"a0lAmMYrfnV","created":"2019-06-06T22:42:56.125","name":"Bird Cohort Entry","allowGenerateNextVisit":true,"validCompleteOnly":true,"preGenerateUID":false,"publicAccess":"rw------","openAfterEnrollment":false,"repeatable":false,"remindCompleted":false,"displayGenerateEventBox":true,"generatedByEnrollmentDate":false,"autoGenerateEvent":true,"sortOrder":1,"hideDueDate":false,"blockEntryForm":false,"minDaysFromStart":0,"program":{"id":"j6gDtw5XAzB"},"lastUpdatedBy":{"id":"M5zQapPyTZI"},"user":{"id":"M5zQapPyTZI"},"notificationTemplates":[],"programStageDataElements":[{"lastUpdated":"2019-07-02T12:09:19.794","id":"tSumzNpj98x","created":"2019-07-02T12:05:32.893","displayInReports":false,"skipSynchronization":false,"externalAccess":false,"renderOptionsAsRadio":false,"allowFutureDate":false,"compulsory":false,"allowProvidedElsewhere":false,"sortOrder":1,"favorite":false,"access":{"read":true,"update":true,"externalize":true,"delete":true,"write":true,"manage":true},"programStage":{"id":"a0lAmMYrfnV"},"dataElement":{"id":"vq9kfxD9yt7"},"favorites":[],"translations":[],"userGroupAccesses":[],"attributeValues":[],"userAccesses":[]},{"lastUpdated":"2019-07-02T12:09:19.793","id":"dGckrYJiBFZ","created":"2019-07-02T12:05:32.891","displayInReports":false,"skipSynchronization":false,"externalAccess":false,"renderOptionsAsRadio":false,"allowFutureDate":false,"compulsory":false,"allowProvidedElsewhere":false,"sortOrder":2,"favorite":false,"access":{"read":true,"update":true,"externalize":true,"delete":true,"write":true,"manage":true},"programStage":{"id":"a0lAmMYrfnV"},"dataElement":{"id":"tB0Xcn3nDf2"},"favorites":[],"translations":[],"userGroupAccesses":[],"attributeValues":[],"userAccesses":[]},{"lastUpdated":"2019-07-02T12:09:19.794","id":"zPbiwTeHWfE","created":"2019-07-02T12:05:32.893","displayInReports":false,"skipSynchronization":false,"externalAccess":false,"renderOptionsAsRadio":false,"allowFutureDate":false,"compulsory":false,"allowProvidedElsewhere":false,"sortOrder":3,"favorite":false,"access":{"read":true,"update":true,"externalize":true,"delete":true,"write":true,"manage":true},"programStage":{"id":"a0lAmMYrfnV"},"dataElement":{"id":"hD5D4dQq9QR"},"favorites":[],"translations":[],"userGroupAccesses":[],"attributeValues":[],"userAccesses":[]},{"lastUpdated":"2019-07-02T12:09:19.794","id":"by9XoQ7Vm0t","created":"2019-07-02T12:05:32.891","displayInReports":false,"skipSynchronization":false,"externalAccess":false,"renderOptionsAsRadio":false,"allowFutureDate":false,"compulsory":false,"allowProvidedElsewhere":false,"sortOrder":4,"favorite":false,"access":{"read":true,"update":true,"externalize":true,"delete":true,"write":true,"manage":true},"programStage":{"id":"a0lAmMYrfnV"},"dataElement":{"id":"Wuyhpy0ceJn"},"favorites":[],"translations":[],"userGroupAccesses":[],"attributeValues":[],"userAccesses":[]},{"lastUpdated":"2019-07-02T12:09:19.795","id":"a0rCK8ZPXCy","created":"2019-07-02T12:05:32.893","displayInReports":false,"skipSynchronization":false,"externalAccess":false,"renderOptionsAsRadio":false,"allowFutureDate":false,"compulsory":false,"allowProvidedElsewhere":false,"sortOrder":5,"favorite":false,"access":{"read":true,"update":true,"externalize":true,"delete":true,"write":true,"manage":true},"programStage":{"id":"a0lAmMYrfnV"},"dataElement":{"id":"LPXCbDKz7Bv"},"favorites":[],"translations":[],"userGroupAccesses":[],"attributeValues":[],"userAccesses":[]},{"lastUpdated":"2019-07-02T12:09:19.795","id":"eHAYXJS56Ec","created":"2019-07-02T12:05:32.894","displayInReports":false,"skipSynchronization":false,"externalAccess":false,"renderOptionsAsRadio":false,"allowFutureDate":false,"compulsory":false,"allowProvidedElsewhere":false,"sortOrder":6,"favorite":false,"access":{"read":true,"update":true,"externalize":true,"delete":true,"write":true,"manage":true},"programStage":{"id":"a0lAmMYrfnV"},"dataElement":{"id":"zEONdPID4Ye"},"favorites":[],"translations":[],"userGroupAccesses":[],"attributeValues":[],"userAccesses":[]}],"translations":[],"userGroupAccesses":[],"attributeValues":[],"userAccesses":[],"programStageSections":[]},{"lastUpdated":"2019-07-02T12:09:19.796","id":"BMDNZCVXBtK","created":"2019-06-06T22:45:48.072","name":"Bird Cohort Layings","allowGenerateNextVisit":true,"validCompleteOnly":false,"preGenerateUID":false,"publicAccess":"rw------","openAfterEnrollment":false,"repeatable":true,"remindCompleted":false,"displayGenerateEventBox":true,"generatedByEnrollmentDate":false,"autoGenerateEvent":true,"sortOrder":2,"hideDueDate":false,"blockEntryForm":false,"minDaysFromStart":0,"program":{"id":"j6gDtw5XAzB"},"lastUpdatedBy":{"id":"M5zQapPyTZI"},"style":{"color":"#8e24aa"},"user":{"id":"M5zQapPyTZI"},"notificationTemplates":[],"programStageDataElements":[{"lastUpdated":"2019-07-02T12:09:19.800","id":"VGDL9nFQzU6","created":"2019-07-02T12:09:19.800","displayInReports":false,"skipSynchronization":false,"externalAccess":false,"renderOptionsAsRadio":false,"allowFutureDate":false,"compulsory":false,"allowProvidedElsewhere":false,"sortOrder":1,"favorite":false,"access":{"read":true,"update":true,"externalize":true,"delete":true,"write":true,"manage":true},"programStage":{"id":"BMDNZCVXBtK"},"dataElement":{"id":"nTlMXvqOVIq"},"favorites":[],"translations":[],"userGroupAccesses":[],"attributeValues":[],"userAccesses":[]},{"lastUpdated":"2019-07-02T12:09:19.799","id":"NtwXdqA5QjA","created":"2019-07-02T12:09:19.799","displayInReports":false,"skipSynchronization":false,"externalAccess":false,"renderOptionsAsRadio":false,"allowFutureDate":false,"compulsory":false,"allowProvidedElsewhere":false,"sortOrder":2,"favorite":false,"access":{"read":true,"update":true,"externalize":true,"delete":true,"write":true,"manage":true},"programStage":{"id":"BMDNZCVXBtK"},"dataElement":{"id":"kluQFcZjG4M"},"favorites":[],"translations":[],"userGroupAccesses":[],"attributeValues":[],"userAccesses":[]},{"lastUpdated":"2019-07-02T12:09:19.799","id":"ceyl1Tg4Zw5","created":"2019-07-02T12:09:19.799","displayInReports":false,"skipSynchronization":false,"externalAccess":false,"renderOptionsAsRadio":false,"allowFutureDate":false,"compulsory":false,"allowProvidedElsewhere":false,"sortOrder":3,"favorite":false,"access":{"read":true,"update":true,"externalize":true,"delete":true,"write":true,"manage":true},"programStage":{"id":"BMDNZCVXBtK"},"dataElement":{"id":"mFzrmjQG4tR"},"favorites":[],"translations":[],"userGroupAccesses":[],"attributeValues":[],"userAccesses":[]},{"lastUpdated":"2019-07-02T12:09:19.798","id":"CSXKwkVDEWa","created":"2019-07-02T12:09:19.798","displayInReports":false,"skipSynchronization":false,"externalAccess":false,"renderOptionsAsRadio":false,"allowFutureDate":false,"compulsory":false,"allowProvidedElsewhere":false,"sortOrder":4,"favorite":false,"access":{"read":true,"update":true,"externalize":true,"delete":true,"write":true,"manage":true},"programStage":{"id":"BMDNZCVXBtK"},"dataElement":{"id":"DhtnMOJHxDY"},"favorites":[],"translations":[],"userGroupAccesses":[],"attributeValues":[],"userAccesses":[]}],"translations":[],"userGroupAccesses":[],"attributeValues":[],"userAccesses":[],"programStageSections":[]},{"lastUpdated":"2019-07-02T12:09:19.803","id":"vy6lvhnoO5s","created":"2019-06-06T22:43:41.107","name":"Bird Cohort Vaccines","allowGenerateNextVisit":true,"validCompleteOnly":false,"preGenerateUID":false,"publicAccess":"rw------","openAfterEnrollment":false,"repeatable":true,"remindCompleted":false,"displayGenerateEventBox":true,"generatedByEnrollmentDate":false,"autoGenerateEvent":true,"sortOrder":4,"hideDueDate":false,"blockEntryForm":false,"minDaysFromStart":0,"program":{"id":"j6gDtw5XAzB"},"lastUpdatedBy":{"id":"M5zQapPyTZI"},"style":{"color":"#8e24aa"},"user":{"id":"M5zQapPyTZI"},"notificationTemplates":[],"programStageDataElements":[{"lastUpdated":"2019-07-02T12:09:19.804","id":"WmYxhA5MNTS","created":"2019-07-02T12:09:19.804","displayInReports":false,"skipSynchronization":false,"externalAccess":false,"renderOptionsAsRadio":false,"allowFutureDate":false,"compulsory":true,"allowProvidedElsewhere":false,"sortOrder":1,"favorite":false,"access":{"read":true,"update":true,"externalize":true,"delete":true,"write":true,"manage":true},"programStage":{"id":"vy6lvhnoO5s"},"dataElement":{"id":"YVup3DxLdRI"},"favorites":[],"translations":[],"userGroupAccesses":[],"attributeValues":[],"userAccesses":[]},{"lastUpdated":"2019-07-02T12:09:19.805","id":"ST2NLY4fn8g","created":"2019-07-02T12:09:19.805","displayInReports":false,"skipSynchronization":false,"externalAccess":false,"renderOptionsAsRadio":false,"allowFutureDate":false,"compulsory":true,"allowProvidedElsewhere":false,"sortOrder":2,"favorite":false,"access":{"read":true,"update":true,"externalize":true,"delete":true,"write":true,"manage":true},"programStage":{"id":"vy6lvhnoO5s"},"dataElement":{"id":"Wuyhpy0ceJn"},"favorites":[],"translations":[],"userGroupAccesses":[],"attributeValues":[],"userAccesses":[]},{"lastUpdated":"2019-07-02T12:09:19.805","id":"HlldcdzDrXB","created":"2019-07-02T12:09:19.805","displayInReports":false,"skipSynchronization":false,"externalAccess":false,"renderOptionsAsRadio":false,"allowFutureDate":false,"compulsory":true,"allowProvidedElsewhere":false,"sortOrder":3,"favorite":false,"access":{"read":true,"update":true,"externalize":true,"delete":true,"write":true,"manage":true},"programStage":{"id":"vy6lvhnoO5s"},"dataElement":{"id":"LPXCbDKz7Bv"},"favorites":[],"translations":[],"userGroupAccesses":[],"attributeValues":[],"userAccesses":[]}],"translations":[],"userGroupAccesses":[],"attributeValues":[],"userAccesses":[],"programStageSections":[]},{"lastUpdated":"2019-07-03T07:27:14.048","id":"kBjpEEqJbGT","created":"2019-07-03T07:27:14.048","name":"Birds","allowGenerateNextVisit":false,"validCompleteOnly":false,"preGenerateUID":false,"publicAccess":"rw------","openAfterEnrollment":false,"repeatable":true,"remindCompleted":false,"displayGenerateEventBox":true,"generatedByEnrollmentDate":false,"autoGenerateEvent":true,"sortOrder":1,"hideDueDate":false,"blockEntryForm":false,"minDaysFromStart":0,"program":{"id":"pSHgBHUGd1e"},"lastUpdatedBy":{"id":"M5zQapPyTZI"},"user":{"id":"M5zQapPyTZI"},"notificationTemplates":[],"programStageDataElements":[{"lastUpdated":"2019-07-03T07:27:14.050","id":"Qy4mzGJxK40","created":"2019-07-03T07:27:14.050","displayInReports":false,"skipSynchronization":false,"externalAccess":false,"renderOptionsAsRadio":false,"allowFutureDate":false,"compulsory":false,"allowProvidedElsewhere":false,"sortOrder":1,"favorite":false,"access":{"read":true,"update":true,"externalize":true,"delete":true,"write":true,"manage":true},"programStage":{"id":"kBjpEEqJbGT"},"dataElement":{"id":"gyOoG35OJAu"},"favorites":[],"translations":[],"userGroupAccesses":[],"attributeValues":[],"userAccesses":[]},{"lastUpdated":"2019-07-03T07:27:14.049","id":"EG3ypNzZMpP","created":"2019-07-03T07:27:14.049","displayInReports":false,"skipSynchronization":false,"externalAccess":false,"renderOptionsAsRadio":false,"allowFutureDate":false,"compulsory":false,"allowProvidedElsewhere":false,"sortOrder":2,"favorite":false,"access":{"read":true,"update":true,"externalize":true,"delete":true,"write":true,"manage":true},"programStage":{"id":"kBjpEEqJbGT"},"dataElement":{"id":"gypBpXv7h99"},"favorites":[],"translations":[],"userGroupAccesses":[],"attributeValues":[],"userAccesses":[]},{"lastUpdated":"2019-07-03T07:27:14.050","id":"rxk0PVK6QnZ","created":"2019-07-03T07:27:14.050","displayInReports":false,"skipSynchronization":false,"externalAccess":false,"renderOptionsAsRadio":false,"allowFutureDate":false,"compulsory":false,"allowProvidedElsewhere":false,"sortOrder":3,"favorite":false,"access":{"read":true,"update":true,"externalize":true,"delete":true,"write":true,"manage":true},"programStage":{"id":"kBjpEEqJbGT"},"dataElement":{"id":"yqRZZUNiVma"},"favorites":[],"translations":[],"userGroupAccesses":[],"attributeValues":[],"userAccesses":[]},{"lastUpdated":"2019-07-03T07:27:14.048","id":"DVJAHKX1z8b","created":"2019-07-03T07:27:14.048","displayInReports":false,"skipSynchronization":false,"externalAccess":false,"renderOptionsAsRadio":false,"allowFutureDate":false,"compulsory":false,"allowProvidedElsewhere":false,"sortOrder":4,"favorite":false,"access":{"read":true,"update":true,"externalize":true,"delete":true,"write":true,"manage":true},"programStage":{"id":"kBjpEEqJbGT"},"dataElement":{"id":"d3AGzOPCiec"},"favorites":[],"translations":[],"userGroupAccesses":[],"attributeValues":[],"userAccesses":[]},{"lastUpdated":"2019-07-03T07:27:14.049","id":"WA49HZiTaeu","created":"2019-07-03T07:27:14.049","displayInReports":false,"skipSynchronization":false,"externalAccess":false,"renderOptionsAsRadio":false,"allowFutureDate":false,"compulsory":false,"allowProvidedElsewhere":false,"sortOrder":5,"favorite":false,"access":{"read":true,"update":true,"externalize":true,"delete":true,"write":true,"manage":true},"programStage":{"id":"kBjpEEqJbGT"},"dataElement":{"id":"aWimdOs9sQu"},"favorites":[],"translations":[],"userGroupAccesses":[],"attributeValues":[],"userAccesses":[]},{"lastUpdated":"2019-07-03T07:27:14.049","id":"Ldn6fn8yXWv","created":"2019-07-03T07:27:14.049","displayInReports":false,"skipSynchronization":false,"externalAccess":false,"renderOptionsAsRadio":false,"allowFutureDate":false,"compulsory":false,"allowProvidedElsewhere":false,"sortOrder":6,"favorite":false,"access":{"read":true,"update":true,"externalize":true,"delete":true,"write":true,"manage":true},"programStage":{"id":"kBjpEEqJbGT"},"dataElement":{"id":"FU116oRxYpu"},"favorites":[],"translations":[],"userGroupAccesses":[],"attributeValues":[],"userAccesses":[]}],"translations":[],"userGroupAccesses":[],"attributeValues":[],"userAccesses":[],"programStageSections":[]},{"lastUpdated":"2019-06-28T14:25:18.418","id":"Y2a6fa4QVma","created":"2019-06-28T14:24:48.606","name":"Bird Sales","allowGenerateNextVisit":false,"validCompleteOnly":false,"preGenerateUID":false,"publicAccess":"rw------","openAfterEnrollment":false,"repeatable":false,"remindCompleted":false,"displayGenerateEventBox":true,"generatedByEnrollmentDate":false,"autoGenerateEvent":true,"sortOrder":1,"hideDueDate":false,"blockEntryForm":false,"minDaysFromStart":0,"program":{"id":"SCvoHavteGk"},"lastUpdatedBy":{"id":"M5zQapPyTZI"},"user":{"id":"M5zQapPyTZI"},"notificationTemplates":[],"programStageDataElements":[{"lastUpdated":"2019-06-28T14:25:18.421","id":"XlZh1FibRKV","created":"2019-06-28T14:24:48.609","displayInReports":false,"skipSynchronization":false,"externalAccess":false,"renderOptionsAsRadio":false,"allowFutureDate":false,"compulsory":true,"allowProvidedElsewhere":false,"sortOrder":1,"favorite":false,"access":{"read":true,"update":true,"externalize":true,"delete":true,"write":true,"manage":true},"programStage":{"id":"Y2a6fa4QVma"},"dataElement":{"id":"gyOoG35OJAu"},"favorites":[],"translations":[],"userGroupAccesses":[],"attributeValues":[],"userAccesses":[]},{"lastUpdated":"2019-06-28T14:25:18.420","id":"p8EzvJjxShv","created":"2019-06-28T14:24:48.606","displayInReports":false,"skipSynchronization":false,"externalAccess":false,"renderOptionsAsRadio":false,"allowFutureDate":false,"compulsory":true,"allowProvidedElsewhere":false,"sortOrder":2,"favorite":false,"access":{"read":true,"update":true,"externalize":true,"delete":true,"write":true,"manage":true},"programStage":{"id":"Y2a6fa4QVma"},"dataElement":{"id":"gypBpXv7h99"},"favorites":[],"translations":[],"userGroupAccesses":[],"attributeValues":[],"userAccesses":[]},{"lastUpdated":"2019-06-28T14:25:18.421","id":"MkXS5QFc3Zl","created":"2019-06-28T14:24:48.609","displayInReports":false,"skipSynchronization":false,"externalAccess":false,"renderOptionsAsRadio":false,"allowFutureDate":false,"compulsory":true,"allowProvidedElsewhere":false,"sortOrder":3,"favorite":false,"access":{"read":true,"update":true,"externalize":true,"delete":true,"write":true,"manage":true},"programStage":{"id":"Y2a6fa4QVma"},"dataElement":{"id":"yqRZZUNiVma"},"favorites":[],"translations":[],"userGroupAccesses":[],"attributeValues":[],"userAccesses":[]},{"lastUpdated":"2019-06-28T14:25:18.420","id":"LUqmWi6xcZX","created":"2019-06-28T14:24:48.607","displayInReports":false,"skipSynchronization":false,"externalAccess":false,"renderOptionsAsRadio":false,"allowFutureDate":false,"compulsory":true,"allowProvidedElsewhere":false,"sortOrder":4,"favorite":false,"access":{"read":true,"update":true,"externalize":true,"delete":true,"write":true,"manage":true},"programStage":{"id":"Y2a6fa4QVma"},"dataElement":{"id":"F7Ah6NJ9oZJ"},"favorites":[],"translations":[],"userGroupAccesses":[],"attributeValues":[],"userAccesses":[]},{"lastUpdated":"2019-06-28T14:25:18.420","id":"l9P7ZcGiL5k","created":"2019-06-28T14:24:48.608","displayInReports":false,"skipSynchronization":false,"externalAccess":false,"renderOptionsAsRadio":false,"allowFutureDate":false,"compulsory":true,"allowProvidedElsewhere":false,"sortOrder":5,"favorite":false,"access":{"read":true,"update":true,"externalize":true,"delete":true,"write":true,"manage":true},"programStage":{"id":"Y2a6fa4QVma"},"dataElement":{"id":"d3AGzOPCiec"},"favorites":[],"translations":[],"userGroupAccesses":[],"attributeValues":[],"userAccesses":[]},{"lastUpdated":"2019-06-28T14:25:18.420","id":"B5vTC05lb3f","created":"2019-06-28T14:24:48.608","displayInReports":false,"skipSynchronization":false,"externalAccess":false,"renderOptionsAsRadio":false,"allowFutureDate":false,"compulsory":true,"allowProvidedElsewhere":false,"sortOrder":6,"favorite":false,"access":{"read":true,"update":true,"externalize":true,"delete":true,"write":true,"manage":true},"programStage":{"id":"Y2a6fa4QVma"},"dataElement":{"id":"aWimdOs9sQu"},"favorites":[],"translations":[],"userGroupAccesses":[],"attributeValues":[],"userAccesses":[]},{"lastUpdated":"2019-06-28T14:25:18.421","id":"PHhEDWFerpE","created":"2019-06-28T14:24:48.609","displayInReports":false,"skipSynchronization":false,"externalAccess":false,"renderOptionsAsRadio":false,"allowFutureDate":false,"compulsory":true,"allowProvidedElsewhere":false,"sortOrder":7,"favorite":false,"access":{"read":true,"update":true,"externalize":true,"delete":true,"write":true,"manage":true},"programStage":{"id":"Y2a6fa4QVma"},"dataElement":{"id":"FU116oRxYpu"},"favorites":[],"translations":[],"userGroupAccesses":[],"attributeValues":[],"userAccesses":[]}],"translations":[],"userGroupAccesses":[],"attributeValues":[],"userAccesses":[],"programStageSections":[]},{"lastUpdated":"2019-06-28T14:13:56.901","id":"Nd7ciULqavc","created":"2019-06-28T14:13:56.719","name":"Conditions","allowGenerateNextVisit":false,"validCompleteOnly":false,"preGenerateUID":false,"publicAccess":"rw------","openAfterEnrollment":false,"repeatable":true,"remindCompleted":false,"displayGenerateEventBox":true,"generatedByEnrollmentDate":false,"autoGenerateEvent":true,"sortOrder":1,"hideDueDate":false,"blockEntryForm":false,"minDaysFromStart":0,"program":{"id":"v7hAN6QcXgS"},"lastUpdatedBy":{"id":"M5zQapPyTZI"},"user":{"id":"M5zQapPyTZI"},"notificationTemplates":[],"programStageDataElements":[{"lastUpdated":"2019-06-28T14:13:56.719","id":"cHjPFXBpXX4","created":"2019-06-28T14:13:56.719","displayInReports":false,"skipSynchronization":false,"externalAccess":false,"renderOptionsAsRadio":false,"allowFutureDate":false,"compulsory":true,"allowProvidedElsewhere":false,"sortOrder":1,"favorite":false,"access":{"read":true,"update":true,"externalize":true,"delete":true,"write":true,"manage":true},"programStage":{"id":"Nd7ciULqavc"},"dataElement":{"id":"orRq1Ikcvyd"},"favorites":[],"translations":[],"userGroupAccesses":[],"attributeValues":[],"userAccesses":[]},{"lastUpdated":"2019-06-28T14:13:56.719","id":"dmpNFxRKdaw","created":"2019-06-28T14:13:56.719","displayInReports":false,"skipSynchronization":false,"externalAccess":false,"renderOptionsAsRadio":false,"allowFutureDate":false,"compulsory":false,"allowProvidedElsewhere":false,"sortOrder":2,"favorite":false,"access":{"read":true,"update":true,"externalize":true,"delete":true,"write":true,"manage":true},"programStage":{"id":"Nd7ciULqavc"},"dataElement":{"id":"qOC1UA9pTbW"},"favorites":[],"translations":[],"userGroupAccesses":[],"attributeValues":[],"userAccesses":[]},{"lastUpdated":"2019-06-28T14:13:56.719","id":"dfaDY66elhG","created":"2019-06-28T14:13:56.719","displayInReports":false,"skipSynchronization":false,"externalAccess":false,"renderOptionsAsRadio":false,"allowFutureDate":false,"compulsory":true,"allowProvidedElsewhere":false,"sortOrder":3,"favorite":false,"access":{"read":true,"update":true,"externalize":true,"delete":true,"write":true,"manage":true},"programStage":{"id":"Nd7ciULqavc"},"dataElement":{"id":"wvlabNWzN6k"},"favorites":[],"translations":[],"userGroupAccesses":[],"attributeValues":[],"userAccesses":[]}],"translations":[],"userGroupAccesses":[],"attributeValues":[],"userAccesses":[],"programStageSections":[]},{"lastUpdated":"2019-07-03T07:27:14.051","id":"m8nCdhnVsih","created":"2019-07-03T07:27:14.051","name":"Eggs","allowGenerateNextVisit":false,"validCompleteOnly":false,"preGenerateUID":false,"publicAccess":"rw------","openAfterEnrollment":false,"repeatable":true,"remindCompleted":false,"displayGenerateEventBox":true,"generatedByEnrollmentDate":false,"autoGenerateEvent":true,"sortOrder":2,"hideDueDate":false,"blockEntryForm":false,"minDaysFromStart":0,"program":{"id":"pSHgBHUGd1e"},"lastUpdatedBy":{"id":"M5zQapPyTZI"},"user":{"id":"M5zQapPyTZI"},"notificationTemplates":[],"programStageDataElements":[{"lastUpdated":"2019-07-03T07:27:14.051","id":"UHkCRLH6rOC","created":"2019-07-03T07:27:14.051","displayInReports":false,"skipSynchronization":false,"externalAccess":false,"renderOptionsAsRadio":false,"allowFutureDate":false,"compulsory":false,"allowProvidedElsewhere":false,"sortOrder":1,"favorite":false,"access":{"read":true,"update":true,"externalize":true,"delete":true,"write":true,"manage":true},"programStage":{"id":"m8nCdhnVsih"},"dataElement":{"id":"gyOoG35OJAu"},"favorites":[],"translations":[],"userGroupAccesses":[],"attributeValues":[],"userAccesses":[]},{"lastUpdated":"2019-07-03T07:27:14.051","id":"KhwN42yqkck","created":"2019-07-03T07:27:14.051","displayInReports":false,"skipSynchronization":false,"externalAccess":false,"renderOptionsAsRadio":false,"allowFutureDate":false,"compulsory":false,"allowProvidedElsewhere":false,"sortOrder":2,"favorite":false,"access":{"read":true,"update":true,"externalize":true,"delete":true,"write":true,"manage":true},"programStage":{"id":"m8nCdhnVsih"},"dataElement":{"id":"gypBpXv7h99"},"favorites":[],"translations":[],"userGroupAccesses":[],"attributeValues":[],"userAccesses":[]},{"lastUpdated":"2019-07-03T07:27:14.051","id":"Gsso5TpuyTh","created":"2019-07-03T07:27:14.051","displayInReports":false,"skipSynchronization":false,"externalAccess":false,"renderOptionsAsRadio":false,"allowFutureDate":false,"compulsory":false,"allowProvidedElsewhere":false,"sortOrder":3,"favorite":false,"access":{"read":true,"update":true,"externalize":true,"delete":true,"write":true,"manage":true},"programStage":{"id":"m8nCdhnVsih"},"dataElement":{"id":"yqRZZUNiVma"},"favorites":[],"translations":[],"userGroupAccesses":[],"attributeValues":[],"userAccesses":[]},{"lastUpdated":"2019-07-03T07:27:14.051","id":"RMXlphe70iE","created":"2019-07-03T07:27:14.051","displayInReports":false,"skipSynchronization":false,"externalAccess":false,"renderOptionsAsRadio":false,"allowFutureDate":false,"compulsory":false,"allowProvidedElsewhere":false,"sortOrder":4,"favorite":false,"access":{"read":true,"update":true,"externalize":true,"delete":true,"write":true,"manage":true},"programStage":{"id":"m8nCdhnVsih"},"dataElement":{"id":"d3AGzOPCiec"},"favorites":[],"translations":[],"userGroupAccesses":[],"attributeValues":[],"userAccesses":[]},{"lastUpdated":"2019-07-03T07:27:14.052","id":"xEKNd7aRS0m","created":"2019-07-03T07:27:14.052","displayInReports":false,"skipSynchronization":false,"externalAccess":false,"renderOptionsAsRadio":false,"allowFutureDate":false,"compulsory":false,"allowProvidedElsewhere":false,"sortOrder":5,"favorite":false,"access":{"read":true,"update":true,"externalize":true,"delete":true,"write":true,"manage":true},"programStage":{"id":"m8nCdhnVsih"},"dataElement":{"id":"aWimdOs9sQu"},"favorites":[],"translations":[],"userGroupAccesses":[],"attributeValues":[],"userAccesses":[]},{"lastUpdated":"2019-07-03T07:27:14.052","id":"E0lwzQLAoXu","created":"2019-07-03T07:27:14.052","displayInReports":false,"skipSynchronization":false,"externalAccess":false,"renderOptionsAsRadio":false,"allowFutureDate":false,"compulsory":false,"allowProvidedElsewhere":false,"sortOrder":6,"favorite":false,"access":{"read":true,"update":true,"externalize":true,"delete":true,"write":true,"manage":true},"programStage":{"id":"m8nCdhnVsih"},"dataElement":{"id":"FU116oRxYpu"},"favorites":[],"translations":[],"userGroupAccesses":[],"attributeValues":[],"userAccesses":[]}],"translations":[],"userGroupAccesses":[],"attributeValues":[],"userAccesses":[],"programStageSections":[]},{"lastUpdated":"2019-06-17T03:54:54.033","id":"qgoGswZXWAS","created":"2019-06-06T16:52:35.464","name":"Incubator Batch Development Status","allowGenerateNextVisit":false,"validCompleteOnly":true,"preGenerateUID":false,"publicAccess":"rw------","openAfterEnrollment":false,"repeatable":true,"remindCompleted":false,"displayGenerateEventBox":true,"generatedByEnrollmentDate":false,"autoGenerateEvent":true,"sortOrder":2,"hideDueDate":false,"blockEntryForm":false,"minDaysFromStart":0,"program":{"id":"ieL3KoZa9a3"},"lastUpdatedBy":{"id":"M5zQapPyTZI"},"user":{"id":"M5zQapPyTZI"},"notificationTemplates":[],"programStageDataElements":[{"lastUpdated":"2019-06-17T03:54:54.034","id":"yU0t7IWaNnY","created":"2019-06-06T16:52:35.464","displayInReports":false,"skipSynchronization":false,"externalAccess":false,"renderOptionsAsRadio":false,"allowFutureDate":false,"compulsory":true,"allowProvidedElsewhere":false,"sortOrder":1,"favorite":false,"access":{"read":true,"update":true,"externalize":true,"delete":true,"write":true,"manage":true},"programStage":{"id":"qgoGswZXWAS"},"dataElement":{"id":"MPAfeD6o3ln"},"favorites":[],"translations":[],"userGroupAccesses":[],"attributeValues":[],"userAccesses":[]},{"lastUpdated":"2019-06-17T03:54:54.034","id":"GPgwuDNJJAb","created":"2019-06-06T16:52:35.464","displayInReports":false,"skipSynchronization":false,"externalAccess":false,"renderOptionsAsRadio":false,"allowFutureDate":false,"compulsory":true,"allowProvidedElsewhere":false,"sortOrder":2,"favorite":false,"access":{"read":true,"update":true,"externalize":true,"delete":true,"write":true,"manage":true},"programStage":{"id":"qgoGswZXWAS"},"dataElement":{"id":"RTRsM9EDDgI"},"favorites":[],"translations":[],"userGroupAccesses":[],"attributeValues":[],"userAccesses":[]},{"lastUpdated":"2019-06-17T03:54:54.034","id":"Fz9B0xx1n50","created":"2019-06-06T16:52:35.465","displayInReports":false,"skipSynchronization":false,"externalAccess":false,"renderOptionsAsRadio":false,"allowFutureDate":false,"compulsory":true,"allowProvidedElsewhere":false,"sortOrder":3,"favorite":false,"access":{"read":true,"update":true,"externalize":true,"delete":true,"write":true,"manage":true},"programStage":{"id":"qgoGswZXWAS"},"dataElement":{"id":"BdpUL8f1Yow"},"favorites":[],"translations":[],"userGroupAccesses":[],"attributeValues":[],"userAccesses":[]}],"translations":[],"userGroupAccesses":[],"attributeValues":[],"userAccesses":[],"programStageSections":[]},{"lastUpdated":"2019-06-17T03:54:54.035","id":"bXX05wWUIdS","created":"2019-06-06T16:52:35.465","name":"Incubator Batch Hatching","allowGenerateNextVisit":false,"validCompleteOnly":true,"preGenerateUID":false,"publicAccess":"rw------","openAfterEnrollment":false,"repeatable":false,"remindCompleted":true,"displayGenerateEventBox":true,"generatedByEnrollmentDate":false,"autoGenerateEvent":true,"sortOrder":3,"hideDueDate":false,"blockEntryForm":false,"minDaysFromStart":0,"program":{"id":"ieL3KoZa9a3"},"lastUpdatedBy":{"id":"M5zQapPyTZI"},"user":{"id":"M5zQapPyTZI"},"notificationTemplates":[],"programStageDataElements":[{"lastUpdated":"2019-06-17T03:54:54.037","id":"ubVVSdfJS9m","created":"2019-06-06T16:52:35.466","displayInReports":false,"skipSynchronization":false,"externalAccess":false,"renderOptionsAsRadio":false,"allowFutureDate":false,"compulsory":true,"allowProvidedElsewhere":false,"sortOrder":1,"favorite":false,"access":{"read":true,"update":true,"externalize":true,"delete":true,"write":true,"manage":true},"programStage":{"id":"bXX05wWUIdS"},"dataElement":{"id":"bSKlReke0Ga"},"favorites":[],"translations":[],"userGroupAccesses":[],"attributeValues":[],"userAccesses":[]},{"lastUpdated":"2019-06-17T03:54:54.036","id":"VKYtq6C3HlO","created":"2019-06-06T16:52:35.465","displayInReports":false,"skipSynchronization":false,"externalAccess":false,"renderOptionsAsRadio":false,"allowFutureDate":false,"compulsory":true,"allowProvidedElsewhere":false,"sortOrder":2,"favorite":false,"access":{"read":true,"update":true,"externalize":true,"delete":true,"write":true,"manage":true},"programStage":{"id":"bXX05wWUIdS"},"dataElement":{"id":"Qd2E16lhRdY"},"favorites":[],"translations":[],"userGroupAccesses":[],"attributeValues":[],"userAccesses":[]},{"lastUpdated":"2019-06-17T03:54:54.037","id":"xuQ0uZU3WGv","created":"2019-06-06T16:52:35.466","displayInReports":false,"skipSynchronization":false,"externalAccess":false,"renderOptionsAsRadio":false,"allowFutureDate":false,"compulsory":true,"allowProvidedElsewhere":false,"sortOrder":3,"favorite":false,"access":{"read":true,"update":true,"externalize":true,"delete":true,"write":true,"manage":true},"programStage":{"id":"bXX05wWUIdS"},"dataElement":{"id":"OQZzB2xdvy3"},"favorites":[],"translations":[],"userGroupAccesses":[],"attributeValues":[],"userAccesses":[]},{"lastUpdated":"2019-06-17T03:54:54.036","id":"vULVvuc5dnZ","created":"2019-06-06T16:52:35.465","displayInReports":false,"skipSynchronization":false,"externalAccess":false,"renderOptionsAsRadio":false,"allowFutureDate":false,"compulsory":true,"allowProvidedElsewhere":false,"sortOrder":4,"favorite":false,"access":{"read":true,"update":true,"externalize":true,"delete":true,"write":true,"manage":true},"programStage":{"id":"bXX05wWUIdS"},"dataElement":{"id":"sVHv9zU5O0s"},"favorites":[],"translations":[],"userGroupAccesses":[],"attributeValues":[],"userAccesses":[]}],"translations":[],"userGroupAccesses":[],"attributeValues":[],"userAccesses":[],"programStageSections":[]},{"lastUpdated":"2019-06-17T03:54:54.030","id":"KuYGyvPVtcR","created":"2019-06-06T16:52:35.462","name":"Incubator Batch Setter Loading","allowGenerateNextVisit":false,"validCompleteOnly":true,"preGenerateUID":false,"publicAccess":"rw------","openAfterEnrollment":false,"repeatable":false,"remindCompleted":false,"displayGenerateEventBox":true,"generatedByEnrollmentDate":false,"autoGenerateEvent":true,"sortOrder":1,"hideDueDate":false,"blockEntryForm":false,"minDaysFromStart":0,"program":{"id":"ieL3KoZa9a3"},"lastUpdatedBy":{"id":"M5zQapPyTZI"},"user":{"id":"M5zQapPyTZI"},"notificationTemplates":[],"programStageDataElements":[{"lastUpdated":"2019-06-17T03:54:54.032","id":"z2u3jBmyS5Z","created":"2019-06-06T16:52:35.463","displayInReports":false,"skipSynchronization":false,"externalAccess":false,"renderOptionsAsRadio":false,"allowFutureDate":false,"compulsory":true,"allowProvidedElsewhere":false,"sortOrder":1,"favorite":false,"access":{"read":true,"update":true,"externalize":true,"delete":true,"write":true,"manage":true},"programStage":{"id":"KuYGyvPVtcR"},"dataElement":{"id":"yZc0IdJ5iss"},"favorites":[],"translations":[],"userGroupAccesses":[],"attributeValues":[],"userAccesses":[]},{"lastUpdated":"2019-06-17T03:54:54.033","id":"uVGfkLqkYZ3","created":"2019-06-06T16:52:35.463","displayInReports":false,"skipSynchronization":false,"externalAccess":false,"renderOptionsAsRadio":false,"allowFutureDate":false,"compulsory":true,"allowProvidedElsewhere":false,"sortOrder":2,"favorite":false,"access":{"read":true,"update":true,"externalize":true,"delete":true,"write":true,"manage":true},"programStage":{"id":"KuYGyvPVtcR"},"dataElement":{"id":"orECqMdZbBb"},"favorites":[],"translations":[],"userGroupAccesses":[],"attributeValues":[],"userAccesses":[]},{"lastUpdated":"2019-06-17T03:54:54.032","id":"u27yAygsV4p","created":"2019-06-17T03:54:54.032","displayInReports":false,"skipSynchronization":false,"externalAccess":false,"renderOptionsAsRadio":false,"allowFutureDate":false,"compulsory":false,"allowProvidedElsewhere":false,"sortOrder":3,"favorite":false,"access":{"read":true,"update":true,"externalize":true,"delete":true,"write":true,"manage":true},"programStage":{"id":"KuYGyvPVtcR"},"dataElement":{"id":"cOuYeAxXZHX"},"favorites":[],"translations":[],"userGroupAccesses":[],"attributeValues":[],"userAccesses":[]}],"translations":[],"userGroupAccesses":[],"attributeValues":[],"userAccesses":[],"programStageSections":[]}],"organisationUnitLevels":[{"lastUpdated":"2019-06-06T17:34:21.840","level":1,"created":"2019-06-06T17:31:26.606","name":"Level 1","id":"MVpqhWCRyFo","lastUpdatedBy":{"id":"M5zQapPyTZI"},"translations":[]},{"lastUpdated":"2019-06-06T17:34:21.888","level":2,"created":"2019-06-06T17:34:21.888","name":"Level 2","id":"x6faIKSS1vF","lastUpdatedBy":{"id":"M5zQapPyTZI"},"translations":[]}],"options":[{"code":"Chicken","created":"2019-07-03T10:07:02.487","lastUpdated":"2019-07-03T10:07:02.507","name":"Chicken","id":"kilQ9IKaW3Z","sortOrder":1,"optionSet":{"id":"ZHjnPlLzWmq"},"attributeValues":[],"translations":[]},{"code":"Chicken","created":"2019-06-06T16:24:43.745","lastUpdated":"2019-06-06T16:24:43.767","name":"Chicken","id":"OOe13xmvDZT","sortOrder":1,"optionSet":{"id":"pW1TuVBd2xw"},"attributeValues":[],"translations":[]},{"code":"Eggs","created":"2019-07-03T10:07:21.941","lastUpdated":"2019-07-03T10:07:22.027","name":"Eggs","id":"K5NHdGUli5m","sortOrder":3,"optionSet":{"id":"ZHjnPlLzWmq"},"attributeValues":[],"translations":[]},{"code":"GUMBORO","created":"2019-07-02T13:15:54.841","lastUpdated":"2019-07-02T13:15:54.869","name":"GUMBORO","id":"zqZ2X4p84AA","sortOrder":4,"optionSet":{"id":"yF7KsLs1Ewq"},"attributeValues":[],"translations":[]},{"code":"HITCHENER","created":"2019-07-02T13:15:42.676","lastUpdated":"2019-07-02T13:15:42.696","name":"HITCHENER","id":"Ugl4Upekd1n","sortOrder":3,"optionSet":{"id":"yF7KsLs1Ewq"},"attributeValues":[],"translations":[]},{"code":"LASOTA","created":"2019-07-02T13:16:13.528","lastUpdated":"2019-07-02T13:16:13.546","name":"LASOTA","id":"fzpIxOqhBCI","sortOrder":5,"optionSet":{"id":"yF7KsLs1Ewq"},"attributeValues":[],"translations":[]},{"code":"MAREKS","created":"2019-07-02T13:14:42.224","lastUpdated":"2019-07-02T13:14:42.291","name":"MAREKS","id":"cOuoS07Icwr","sortOrder":1,"optionSet":{"id":"yF7KsLs1Ewq"},"attributeValues":[],"translations":[]},{"code":"MULTIVITAMINOTC","created":"2019-07-02T13:15:25.144","lastUpdated":"2019-07-02T13:15:25.165","name":"MULTI VITAMIN O.T.C","id":"JhTPL19fOW2","sortOrder":2,"optionSet":{"id":"yF7KsLs1Ewq"},"attributeValues":[],"translations":[]},{"code":"Pegion","created":"2019-06-06T16:26:37.996","lastUpdated":"2019-06-06T16:26:38.014","name":"Pegion","id":"eaLWg8Mewno","sortOrder":3,"optionSet":{"id":"pW1TuVBd2xw"},"attributeValues":[],"translations":[]},{"code":"PIPERAZONE","created":"2019-07-02T13:16:34.657","lastUpdated":"2019-07-02T13:16:34.669","name":"PIPERAZONE","id":"HfkV2rOBbcI","sortOrder":6,"optionSet":{"id":"yF7KsLs1Ewq"},"attributeValues":[],"translations":[]},{"code":"POXINE","created":"2019-07-02T13:16:47.611","lastUpdated":"2019-07-02T13:16:47.629","name":"POXINE","id":"OMNfmLj7oar","sortOrder":7,"optionSet":{"id":"yF7KsLs1Ewq"},"attributeValues":[],"translations":[]},{"code":"Quail","created":"2019-06-06T16:25:59.114","lastUpdated":"2019-06-06T16:25:59.145","name":"Quail","id":"ETH61UDgSbY","sortOrder":2,"optionSet":{"id":"pW1TuVBd2xw"},"attributeValues":[],"translations":[]},{"code":"Quails","created":"2019-07-03T10:07:13.664","lastUpdated":"2019-07-03T10:07:13.759","name":"Quails","id":"I9ZDVLQq1B6","sortOrder":2,"optionSet":{"id":"ZHjnPlLzWmq"},"attributeValues":[],"translations":[]}],"userRoles":[{"code":"Superuser","created":"2019-05-20T14:54:28.105","lastUpdated":"2019-05-20T14:54:28.105","name":"Superuser","id":"yrB6vc5Ip3r","publicAccess":"--------","description":"Superuser","userGroupAccesses":[],"authorities":["F_TRACKED_ENTITY_INSTANCE_SEARCH_IN_ALL_ORGUNITS","ALL","F_USERGROUP_MANAGING_RELATIONSHIPS_ADD","F_USER_VIEW","F_GENERATE_MIN_MAX_VALUES","F_ORGANISATIONUNIT_MOVE","F_USER_GROUPS_READ_ONLY_ADD_MEMBERS","F_PREDICTOR_RUN","F_IGNORE_TRACKER_REQUIRED_VALUE_VALIDATION","F_SKIP_DATA_IMPORT_AUDIT","F_RUN_VALIDATION","F_IMPORT_DATA","F_LOCALE_ADD","F_REPLICATE_USER","F_SEND_EMAIL","F_INSERT_CUSTOM_JS_CSS","F_ENROLLMENT_CASCADE_DELETE","F_METADATA_IMPORT","F_EXPORT_EVENTS","F_VIEW_EVENT_ANALYTICS","F_VIEW_UNAPPROVED_DATA","F_IMPORT_EVENTS","F_PERFORM_MAINTENANCE","F_USERGROUP_MANAGING_RELATIONSHIPS_VIEW","F_METADATA_EXPORT","F_TEI_CASCADE_DELETE","F_EXPORT_DATA","F_APPROVE_DATA","F_ACCEPT_DATA_LOWER_LEVELS","F_EDIT_EXPIRED","F_PROGRAM_DASHBOARD_CONFIG_ADMIN","F_APPROVE_DATA_LOWER_LEVELS","F_UNCOMPLETE_EVENT"],"translations":[],"userAccesses":[]}]}